SA2_NAME,SA2_MAINCODE,Number of available beds,Population,Weekly_Earnings,No_of_Dwellings,No_of_employed_persons,No_of_tertiary_educated,Monthly_Mortgage_Repayment,Number_of_renters,No_of_indigenous_ppl
ACT - South West,801111140,45.7,5158.0,162.0,190.0,317,109.0,53.0,31,0
Acton - Upper Burnie,604011075,145.0,3206.0,1394.0,1628.0,1184,135.0,438.0,556,5
Adelaide,401011001,812.0,16285.0,5521.0,8147.0,5972,5237.0,904.0,3978,7
Adelaide Hills,401021003,17.0,6914.0,2367.0,2670.0,3558,944.0,1132.0,227,0
Airlie - Whitsundays,312031359,33.0,13375.0,3381.0,5701.0,6653,1359.0,1061.0,1788,22
Aitkenvale,318021467,749.0,4908.0,1816.0,2132.0,2004,726.0,472.0,819,35
Alawa,701021010,1243.0,2286.0,633.0,788.0,1036,422.0,251.0,220,20
Albany,509011225,128.0,14622.0,5550.0,7505.0,6003,1828.0,1296.0,2047,4
Albany Region,509011226,145.7,3501.0,1078.0,1578.0,1653,438.0,319.0,233,0
Albury - East,109011172,322.9,15321.0,4622.0,6176.0,7429,2363.0,1978.0,1567,3
Albury - North,109011173,322.9,10004.0,3570.0,4552.0,4233,1011.0,1274.0,1263,10
Albury - South,109011174,645.8,10686.0,4247.0,5281.0,4676,1969.0,1095.0,1574,6
Albury Region,109011175,691.0,11784.0,3919.0,4961.0,5282,1136.0,1425.0,683,9
Alexandra,204011054,18.0,6474.0,2478.0,3947.0,2652,691.0,679.0,505,0
Alfredton,201011001,360.0,11852.0,2762.0,4385.0,5747,2019.0,1250.0,1024,3
Alphington - Fairfield,206021110,196.0,9434.0,3286.0,3970.0,4921,3275.0,1034.0,1351,3
Alps - West,205051099,9.0,24.0,9.0,12.0,17,0.0,3.0,3,0
Andergrove - Beaconsfield,312021342,227.0,15229.0,4835.0,6318.0,6918,1145.0,1925.0,1869,210
Annandale,318021468,749.0,10377.0,2744.0,3011.0,5168,1698.0,1095.0,740,10
Ararat,215011386,38.0,8386.0,3062.0,3711.0,3248,624.0,940.0,881,0
Ararat Region,215011387,56.0,3198.0,1183.0,1595.0,1420,357.0,288.0,189,0
Armidale,110011186,96.7,24114.0,7979.0,9894.0,9636,4954.0,2188.0,3203,20
Armidale Region - North,110011187,145.4,4558.0,1599.0,2111.0,2043,506.0,426.0,473,8
Armidale Region - South,110011188,120.7,6120.0,2186.0,2694.0,2739,883.0,744.0,465,5
Aroona - Currimundi,316021417,32.0,10281.0,3572.0,4102.0,4422,1132.0,1241.0,936,10
Ashburton (WA),510031271,16.0,13311.0,1936.0,3590.0,8305,1244.0,68.0,1814,41
Ashfield - Kepnock,319011492,247.0,5332.0,1811.0,2179.0,2014,367.0,544.0,631,13
Asquith - Mount Colah,121021403,261.3,18856.0,5872.0,6384.0,9611,4575.0,2754.0,797,3
Atherton,306051166,64.0,10943.0,3991.0,5086.0,4377,1035.0,954.0,1421,131
Auburn - Central,125011582,171.0,0,0,5031.0,6277,2791.0,0,1954,0
Augusta,501011001,28.0,5559.0,1693.0,3341.0,2479,742.0,430.0,540,0
Avoca,201031013,100.0,3323.0,1373.0,1837.0,1209,266.0,378.0,197,0
Ayr,318011460,31.0,9235.0,3478.0,4306.0,4015,640.0,932.0,1142,93
Babinda,306031158,84.0,4300.0,1544.0,2161.0,1892,318.0,427.0,398,35
Bacchus Marsh,213041353,39.0,20989.0,6080.0,8031.0,9307,2174.0,2768.0,1603,0
Bacchus Marsh Region,201021009,39.0,5982.0,2016.0,2629.0,2698,713.0,946.0,267,4
Bairnsdale,205021081,101.0,14899.0,5314.0,6816.0,5729,1288.0,1543.0,1644,3
Balcatta - Hamersley,505021084,164.8,15990.0,6067.0,7054.0,7202,2664.0,1945.0,1701,0
Ballarat,201011002,360.0,12301.0,4761.0,5766.0,5491,3014.0,1270.0,1647,0
Ballarat - North,201011003,360.0,23539.0,8621.0,10679.0,10533,4019.0,3010.0,2701,0
Ballarat - South,201011004,360.0,24654.0,9212.0,11626.0,9991,2922.0,2980.0,3873,13
Ballina,112011236,69.8,17555.0,7008.0,8741.0,6346,2105.0,1289.0,2673,15
Ballina Region,112011237,69.8,17247.0,5891.0,6945.0,7280,2671.0,1916.0,1312,6
Balmain,120021387,81.2,16629.0,6257.0,7517.0,8376,6599.0,1853.0,2509,0
Balonne,307011171,10.0,4461.0,1619.0,2240.0,2149,377.0,396.0,577,11
Banana,308041528,74.0,8687.0,3090.0,4408.0,4336,577.0,782.0,944,12
Bangalow,112011238,340.8,6006.0,1928.0,2549.0,2582,1242.0,648.0,528,0
Bankstown - South,119011572,390.0,0,0,5242.0,5602,2154.0,0,2066,0
Barcaldine - Blackall,315031408,57.0,4834.0,2066.0,2664.0,2383,381.0,443.0,593,15
Bargara - Burnett Heads,319011493,247.0,16912.0,5782.0,8350.0,6431,2096.0,1705.0,1816,27
Barkly,702021055,85.0,2857.0,512.0,1170.0,605,94.0,7.0,437,5
Barmera,407031159,102.0,6665.0,2504.0,3073.0,2815,406.0,862.0,618,4
Barossa - Angaston,405011110,75.0,6266.0,2255.0,2750.0,2992,694.0,935.0,435,0
Bateau Bay - Killarney Vale,102021044,22.0,22478.0,8037.0,9083.0,9330,2054.0,2871.0,1973,12
Bateman,507041176,928.6,3840.0,1243.0,1386.0,1803,1146.0,443.0,283,0
Batemans Bay,101041017,34.9,7871.0,2969.0,4643.0,2540,639.0,682.0,989,4
Batemans Bay - South,101041018,34.9,8510.0,3174.0,5806.0,2862,970.0,725.0,905,8
Bathurst,103011058,111.5,24454.0,8356.0,10471.0,10443,3380.0,2604.0,3266,27
Bathurst - East,103011059,111.5,11424.0,3180.0,4171.0,4906,1197.0,1301.0,927,14
Bathurst Region,103011060,167.29999999999998,7006.0,2310.0,3051.0,3124,875.0,881.0,282,10
Bayonet Head - Lower King,509011227,128.0,4899.0,1490.0,2065.0,2129,526.0,559.0,379,3
Beachmere - Sandstone Point,313011362,265.0,15313.0,5105.0,6722.0,5234,1026.0,1545.0,1546,11
Beaudesert,311011305,28.0,14196.0,4444.0,5835.0,5356,866.0,1345.0,1771,39
Beaufort,201031014,16.0,4454.0,1515.0,1992.0,1628,348.0,456.0,233,3
Beauty Point - Beaconsfield,602021053,4.0,3799.0,1542.0,2320.0,1252,269.0,471.0,305,4
Beechworth,204031068,13.0,4632.0,1594.0,2095.0,1999,890.0,509.0,350,0
Bega - Tathra,101041019,90.5,8593.0,3130.0,3988.0,3480,1064.0,956.0,923,3
Bega-Eden Hinterland,101041020,129.6,8952.0,3302.0,4402.0,3709,1189.0,1145.0,461,11
Belconnen,801011002,278.0,6743.0,1914.0,3314.0,3583,2779.0,400.0,1918,0
Bellevue Heights,403031066,656.0,7569.0,2546.0,2891.0,3158,2162.0,932.0,482,4
Bellingen,104021083,68.8,6007.0,2173.0,2564.0,2256,1110.0,654.0,547,4
Belmont - Bennetts Green,111011206,118.9,18223.0,6445.0,7386.0,7657,2017.0,2228.0,1518,3
Belmont South - Blacksmiths,111011207,118.9,5745.0,2351.0,2735.0,2241,453.0,564.0,762,3
Benalla,204021063,55.0,10420.0,4260.0,5156.0,3993,919.0,1217.0,1222,3
Bendigo,202011018,414.0,14770.0,5812.0,7378.0,6047,2205.0,1622.0,2543,11
Bendigo Region - South,202021026,24.0,7346.0,2090.0,2741.0,3523,1039.0,1017.0,200,3
Bentleigh East (North),208021426,128.0,0,0,5792.0,7104,3796.0,0,1222,0
Bentley - Wilson - St James,506031124,182.4,21057.0,7131.0,8840.0,8276,4840.0,1601.0,3364,3
Berkeley - Lake Heights - Cringila,107011545,57.3,0,0,5517.0,5007,875.0,0,1557,8
Berri,407031160,53.0,4211.0,1684.0,2077.0,1507,342.0,419.0,719,7
Berry - Kangaroo Valley,114011272,26.0,8953.0,3371.0,4635.0,3452,1569.0,843.0,597,3
Berwick - South,212021294,240.0,26874.0,7001.0,8275.0,12630,4339.0,4291.0,1818,0
Beverley,404011090,300.0,7936.0,2820.0,3434.0,3734,1189.0,995.0,1004,6
Bidwill - Hebersham - Emerton,116031313,109.5,18948.0,5598.0,6232.0,5760,872.0,1610.0,2733,23
Biloela,308041529,24.0,5883.0,2067.0,2580.0,2849,494.0,679.0,840,32
Bilpin - Colo - St Albans,115031299,622.4,2795.0,848.0,1320.0,1214,328.0,357.0,130,0
Blacktown (East) - Kings Park,116011303,448.3,17519.0,5365.0,6179.0,7824,3569.0,1738.0,2699,12
Blacktown (North) - Marayong,116011304,448.3,18627.0,5573.0,6295.0,7938,2743.0,2073.0,2078,15
Blacktown (West),116011561,448.3,0,0,5460.0,7275,2587.0,0,1641,0
Blayney,103041076,458.70000000000005,7355.0,2555.0,3201.0,3235,744.0,922.0,618,5
Bli Bli,316071545,150.0,8510.0,2399.0,3306.0,3766,932.0,1018.0,590,10
Blue Mountains - South,124021456,17.9,4.0,0.0,17.0,0,0.0,0.0,3,0
Bohle Plains,318021470,34.0,7416.0,1721.0,2573.0,3744,805.0,858.0,745,17
Bombala,101031013,64.0,2420.0,1009.0,1323.0,1067,199.0,250.0,205,0
Bonnells Bay - Silverwater,111021216,121.7,8931.0,3014.0,3908.0,3596,1015.0,1065.0,744,3
Boonah,310021277,489.0,12153.0,4017.0,5051.0,5234,986.0,1350.0,835,28
Booral - River Heads,319041516,192.0,4637.0,1477.0,1878.0,1742,353.0,617.0,286,6
Bossley Park - Abbotsbury,127021510,271.8,19498.0,5246.0,5687.0,8074,2143.0,2078.0,1121,0
Bouldercombe,308031206,12.0,1883.0,651.0,811.0,806,100.0,252.0,95,3
Bourke - Brewarrina,105011092,20.0,4185.0,1398.0,1978.0,1414,279.0,258.0,634,13
Bowen,312011337,27.0,9208.0,3148.0,4652.0,3813,580.0,785.0,1469,82
Bowral,114021284,70.7,13218.0,4782.0,6052.0,4972,2867.0,1342.0,917,4
Box Hill,207031163,536.0,20839.0,6464.0,8728.0,8852,6339.0,1759.0,3346,0
Boyne Island - Tannum Sands,308051531,79.0,10073.0,3120.0,4314.0,4466,922.0,1387.0,1069,10
Bradbury - Wedderburn,123021436,451.8,19523.0,6252.0,6755.0,7685,1407.0,2391.0,2351,26
Braidwood,101021007,269.8,3950.0,1306.0,2294.0,1646,660.0,401.0,271,0
Branxton - Greta - Pokolbin,106011107,224.8,10365.0,3150.0,4130.0,4775,906.0,1384.0,791,4
Branyan - Kensington,319011494,247.0,4758.0,1365.0,1794.0,1982,383.0,569.0,304,10
Brassall,310031283,439.0,11222.0,3374.0,4400.0,4534,884.0,1019.0,1795,20
Bridgetown - Boyup Brook,501031017,57.2,6419.0,2340.0,3314.0,2689,614.0,769.0,509,0
Bright - Mount Beauty,204031069,23.0,8299.0,2994.0,5744.0,3678,1243.0,880.0,1015,0
Brinkin - Nakara,701021013,1243.0,3839.0,917.0,1136.0,1886,1000.0,305.0,354,16
Brinsmead,306011138,652.0,5547.0,1793.0,2128.0,2870,841.0,848.0,443,48
Broadmeadows,210051242,164.0,13916.0,3674.0,4862.0,3838,1323.0,969.0,1878,3
Broadsound - Nebo,312011338,25.0,8745.0,2816.0,4946.0,3898,532.0,274.0,1609,23
Broken Hill,105021097,123.9,18114.0,7435.0,9658.0,6902,1263.0,2166.0,1765,13
Brookton,509031246,11.0,3836.0,1395.0,1913.0,1547,232.0,312.0,382,19
Broome,510011262,66.0,14535.0,4077.0,7363.0,6774,1962.0,951.0,2682,185
Broulee - Tomakin,101041021,56.1,3341.0,1142.0,2347.0,1235,518.0,273.0,289,3
Bruce,801011003,278.0,7147.0,1894.0,2794.0,3838,2864.0,523.0,1398,6
Brunswick,206011105,245.3,27435.0,9300.0,12306.0,15111,10727.0,2332.0,5387,7
Brunswick Heads - Ocean Shores,112011239,44.8,8602.0,3149.0,4169.0,3454,1435.0,939.0,1033,23
Bruthen - Omeo,205021082,115.0,7902.0,2812.0,3838.0,3479,706.0,978.0,392,0
Buddina - Minyama,316021418,567.0,6718.0,2565.0,3117.0,2929,1043.0,664.0,756,6
Bulahdelah - Stroud,108011151,111.0,4785.0,1775.0,2361.0,1857,350.0,537.0,327,5
Buloke,215031400,55.0,6285.0,2617.0,3211.0,2486,513.0,591.0,447,0
Bundaberg,319011495,247.0,6250.0,2580.0,3209.0,2151,573.0,448.0,1508,25
Bundaberg East - Kalkie,319011496,247.0,5564.0,1885.0,2361.0,2203,489.0,634.0,661,17
Bundaberg North - Gooburrum,319011497,247.0,7304.0,2764.0,3365.0,2482,498.0,707.0,769,12
Bundaberg Region - North,319011498,247.0,8971.0,2882.0,4015.0,3279,559.0,1093.0,601,17
Bundaberg Region - South,319011499,269.0,9921.0,3537.0,5196.0,3432,622.0,1097.0,786,17
Bundoora - East,209011196,86.0,10292.0,3371.0,3780.0,4408,1891.0,1181.0,718,0
Buninyong,201011005,360.0,7311.0,2148.0,2569.0,3287,1468.0,957.0,389,0
Bunyip - Garfield,212011288,9.0,8928.0,2727.0,3264.0,4191,763.0,1235.0,396,0
Burdekin,318011461,45.0,8036.0,2980.0,4051.0,3803,441.0,817.0,748,54
Burnie - Wivenhoe,604011077,145.0,3688.0,1606.0,1924.0,1438,321.0,476.0,604,4
Burrum - Fraser,319051522,305.0,9693.0,3314.0,4986.0,2645,558.0,945.0,983,24
Busselton,501011002,64.0,26935.0,8047.0,12369.0,11097,2464.0,2555.0,2815,0
Busselton Region,501011003,68.6,10755.0,2929.0,6356.0,4940,1738.0,1008.0,868,0
Byron Bay,112011240,44.8,10203.0,3300.0,5026.0,4307,2105.0,848.0,1212,4
Caboolture,313021365,265.0,27678.0,7773.0,10775.0,9991,1698.0,2377.0,4351,85
Caboolture - South,313021366,265.0,20740.0,6239.0,7723.0,7530,1045.0,1769.0,3552,70
Cabramatta West - Mount Pritchard,127021512,821.7,17713.0,4680.0,5360.0,6150,1319.0,1539.0,1591,5
Cairns City,306021145,652.0,11906.0,3830.0,5905.0,5358,2177.0,685.0,2596,117
Calga - Kulnura,102011030,576.3,4858.0,1498.0,2205.0,2249,609.0,513.0,403,0
Callemondah,308051532,79.0,17.0,40.0,17.0,0,0.0,3.0,0,0
Caloundra - Kings Beach,316021419,32.0,6885.0,2778.0,4791.0,2455,860.0,359.0,1522,0
Caloundra - West,316021420,32.0,20815.0,5307.0,7789.0,8735,1980.0,2071.0,2042,7
Caloundra Hinterland,316061440,25.0,8726.0,3247.0,4198.0,3298,1697.0,938.0,668,6
Cambooya - Wyreema,317011445,507.0,7135.0,1813.0,2414.0,3354,846.0,973.0,346,0
Cambridge Park,124031457,595.5,16025.0,5117.0,5677.0,7747,1154.0,2502.0,1201,17
Camden - Ellis Lane,123011433,56.0,13273.0,4120.0,4741.0,6258,1850.0,1830.0,707,0
Campbellfield - Coolaroo,210051243,164.0,17122.0,4703.0,5472.0,4215,1086.0,1415.0,1370,5
Campbelltown - Woodbine,123021437,451.8,18741.0,5496.0,7171.0,7877,2430.0,2098.0,2471,11
Camperdown,217031471,25.0,3526.0,1409.0,1699.0,1398,308.0,370.0,330,0
Canberra East,801031113,45.7,0,0,554.0,341,83.0,0,174,0
Canterbury (South) - Campsie,119021363,175.0,31951.0,9019.0,11206.0,13768,6307.0,2354.0,4931,0
Cape Conway,312031360,33.0,0.0,0.0,0,0,0.0,0.0,0,0
Cape York,315011396,54.0,7775.0,2020.0,3732.0,2441,445.0,270.0,1439,637
Capel,501021007,64.0,5250.0,1632.0,2296.0,2414,447.0,665.0,371,3
Caringbah,128011602,344.9,0,0,5326.0,6048,1967.0,0,1751,10
Caringbah South,128011603,344.9,0,0,4408.0,5973,2328.0,0,440,7
Carlton,206041117,20.0,20242.0,6372.0,10555.0,6501,7276.0,595.0,6701,8
Carnarvon,511021276,43.0,5337.0,1846.0,3065.0,2121,370.0,426.0,843,9
Carpentaria,315021404,146.0,5067.0,1229.0,2252.0,1550,222.0,110.0,935,43
Casino,112021244,34.0,12495.0,4564.0,5292.0,4209,618.0,1298.0,1515,11
Casino Region,112021245,352.0,7079.0,2459.0,3052.0,2679,450.0,854.0,469,9
Castlemaine,202021027,54.0,10770.0,3941.0,5077.0,4042,2090.0,1172.0,942,3
Castlemaine Region,202021028,28.0,8621.0,3290.0,4408.0,3646,1532.0,1195.0,395,0
Castlereagh - Cranebrook,124031458,595.5,24364.0,5391.0,8043.0,12193,2680.0,2770.0,2064,8
Casula,127031522,821.7,16255.0,4410.0,5110.0,6595,2152.0,1863.0,1294,3
Caulfield - South,208021178,292.0,18393.0,6092.0,7281.0,8562,5991.0,1821.0,1897,0
Ceduna,406011129,15.0,2680.0,983.0,1315.0,1165,187.0,248.0,411,12
Central Highlands,603011065,34.0,2079.0,868.0,2542.0,791,169.0,226.0,201,0
Central Highlands - East,308011190,45.0,7569.0,2283.0,3716.0,3368,429.0,435.0,1519,70
Central Highlands - West,308011191,78.0,8253.0,2960.0,4588.0,3667,525.0,558.0,1031,10
Cessnock,106011108,48.3,22493.0,7213.0,8984.0,7790,1071.0,2264.0,2659,54
Cessnock Region,106011109,574.1999999999999,8073.0,2469.0,3283.0,3312,806.0,1055.0,302,6
Charles,702011045,319.0,4629.0,1442.0,1839.0,2049,599.0,502.0,583,9
Charleville,315031409,25.0,4386.0,1656.0,2316.0,2046,364.0,461.0,533,9
Charters Towers,318011462,54.0,8293.0,2856.0,3862.0,2930,622.0,795.0,1054,55
Cheltenham - Highett (East),208031188,195.0,23449.0,8021.0,9879.0,10847,5053.0,2723.0,2291,0
Chermside,302021028,703.0,9669.0,3660.0,4793.0,4318,1974.0,617.0,2483,17
Chermside West,302021029,703.0,6489.0,2241.0,2445.0,3085,1295.0,805.0,480,14
Chinchilla,307011172,81.0,8288.0,2445.0,3819.0,3457,579.0,658.0,1158,9
Chipping Norton - Moorebank,127031523,821.7,19420.0,5081.0,6366.0,8793,2821.0,2119.0,1045,0
Chittaway Bay - Tumbi Umbi,102021047,22.0,15884.0,5318.0,5884.0,7245,1498.0,2317.0,974,14
Christie Downs,403041073,106.0,9499.0,3529.0,4310.0,3226,563.0,1239.0,1569,20
Churchill,205041094,280.0,11594.0,3999.0,4879.0,4857,1294.0,1566.0,727,0
Churchill - Yamanto,310031285,439.0,6974.0,1982.0,2520.0,3199,467.0,827.0,813,17
Clare,405021116,25.0,4170.0,1517.0,1956.0,1923,472.0,496.0,461,0
Claremont (WA),503011031,168.0,8638.0,3051.0,4109.0,3559,3143.0,709.0,1058,0
Clayton,212051320,743.0,23672.0,5745.0,8114.0,7896,7063.0,962.0,4295,0
Clear Island Waters,309081259,377.0,4230.0,1527.0,1819.0,1742,750.0,419.0,358,0
Clermont,312011339,64.0,3753.0,1231.0,1853.0,1750,268.0,292.0,479,13
Cleveland,301021007,185.0,15344.0,5782.0,6826.0,6590,2156.0,1527.0,1968,18
Clifton Beach - Kewarra Beach,306011139,10.0,11209.0,3766.0,5393.0,5224,1767.0,1321.0,1528,42
Clinton - New Auckland,308051533,79.0,13880.0,3634.0,5705.0,6176,1334.0,1608.0,2033,69
Cobar,105011093,54.0,4783.0,1729.0,2474.0,2017,336.0,434.0,663,0
Cobbitty - Leppington,127011506,56.0,18389.0,1886.0,5921.0,8913,2238.0,536.0,1266,5
Coconut Grove,701021016,1243.0,3323.0,1137.0,1475.0,1558,646.0,286.0,683,15
Coffs Harbour - North,104021084,271.6,17845.0,6465.0,7982.0,6840,1812.0,1645.0,2553,13
Coffs Harbour - South,104021085,271.6,10531.0,3886.0,4672.0,3982,1237.0,836.0,1626,13
Colac,217031472,37.0,12450.0,4623.0,5608.0,5312,919.0,1453.0,1214,3
Colac Region,217031473,30.0,5381.0,1988.0,2442.0,2648,532.0,704.0,310,0
College Grove - Carey Park,501021008,164.8,6846.0,2394.0,3049.0,2681,500.0,763.0,1027,6
Collie,501021009,25.0,8856.0,3277.0,4060.0,3285,374.0,1284.0,749,11
Collinsville,312011340,35.0,3539.0,1393.0,1945.0,1489,168.0,363.0,333,15
Colonel Light Gardens,403031068,0.0,15933.0,5754.0,6366.0,7794,4081.0,2219.0,1295,0
Concord West - North Strathfield,120011384,15.2,26209.0,6292.0,10096.0,12491,9708.0,2043.0,4327,0
Condell Park,119011356,390.0,11841.0,2999.0,3573.0,4296,1319.0,1010.0,828,0
Condobolin,103021062,133.1,6807.0,2647.0,3167.0,2671,433.0,598.0,715,4
Coober Pedy,406021139,15.0,1818.0,710.0,1396.0,643,163.0,129.0,265,5
Coogee - Clovelly,118021348,669.5999999999999,27296.0,9583.0,11809.0,14144,9456.0,2213.0,5013,11
Cooloola,319031511,81.0,6351.0,2368.0,4176.0,1494,348.0,496.0,844,6
Cooloongup,507051186,195.5,8800.0,3242.0,3678.0,3305,432.0,1343.0,819,7
Cooma,101031014,33.0,6870.0,2685.0,3309.0,2901,712.0,818.0,844,3
Cooma Region,101031015,33.0,3327.0,1221.0,1983.0,1570,424.0,413.0,175,0
Coonabarabran,105031099,95.5,8100.0,3149.0,4034.0,2869,636.0,725.0,790,8
Coonamble,105011094,76.19999999999999,4245.0,1618.0,2125.0,1527,271.0,338.0,475,18
Coopers Plains,303041067,221.0,5717.0,1636.0,2120.0,2458,1372.0,464.0,850,7
Cootamundra,113031263,52.0,7677.0,2984.0,3678.0,2806,572.0,836.0,743,5
Coramba - Nana Glen - Bucca,104021086,271.6,3917.0,1261.0,1483.0,1735,444.0,527.0,222,5
Corangamite - North,217031474,45.0,5432.0,2146.0,2693.0,2312,475.0,578.0,429,0
Corangamite - South,217031475,39.0,7274.0,2620.0,3357.0,3458,583.0,845.0,606,0
Corowa,109031180,49.5,5539.0,2287.0,2756.0,2211,396.0,711.0,567,0
Corowa Region,109031181,71.5,6845.0,2537.0,3554.0,2747,472.0,770.0,538,6
Cowra,103021063,39.1,9300.0,3485.0,4268.0,3383,641.0,913.0,1087,16
Cowra Region,103021064,49.2,5519.0,2118.0,2745.0,2262,473.0,583.0,404,0
Craigieburn - South,210051443,14.0,0,0,5179.0,7244,2054.0,0,1251,0
Craignish - Dundowran Beach,319041517,192.0,4937.0,1538.0,1912.0,1934,518.0,648.0,228,4
Cranbourne,212031300,22.0,20888.0,6544.0,7647.0,8643,1534.0,2988.0,2041,0
Cranbourne East,212031301,22.0,26754.0,2698.0,8870.0,11913,3885.0,1592.0,1598,6
Cranbourne North,212031302,22.0,20985.0,4679.0,6592.0,9343,2489.0,2809.0,1354,9
Cranbourne South,212031303,22.0,9116.0,2214.0,3101.0,4509,772.0,1153.0,261,3
Cranbourne West,212031304,22.0,15685.0,2773.0,5090.0,7257,1750.0,1699.0,972,0
Cranbrook,318021472,749.0,6037.0,2166.0,2531.0,2480,810.0,679.0,673,55
Creswick - Clunes,201021010,6.0,7870.0,2881.0,3616.0,3167,923.0,1035.0,477,0
Crows Nest - Rosalie,307021179,10.0,8661.0,3028.0,3957.0,3360,654.0,827.0,698,5
Crows Nest - Waverton,121041414,843.4,19086.0,7623.0,9372.0,11144,8653.0,1945.0,4030,3
Croydon - Etheridge,315011397,16.0,1103.0,445.0,906.0,476,41.0,63.0,132,8
Cunderdin,509021237,11.9,4156.0,1488.0,1948.0,1646,267.0,342.0,407,0
Curtin,801091100,26.0,5325.0,1979.0,2153.0,2539,2062.0,626.0,492,5
Cygnet,603021070,9.0,4329.0,1536.0,2282.0,1562,699.0,523.0,311,15
Daintree,306041164,24.0,6482.0,2283.0,3330.0,2742,571.0,701.0,783,130
Dalrymple,318011463,131.0,3794.0,1354.0,1944.0,1646,187.0,452.0,251,21
Dalyellup,501021251,164.8,0,0,3350.0,4218,1074.0,0,868,5
Dandenong,212041311,540.0,32700.0,8936.0,11591.0,10741,3531.0,1707.0,5255,10
Dandenong North,212041312,540.0,23684.0,7346.0,8230.0,8881,2743.0,2568.0,2026,3
Darling Heights,317011446,507.0,14050.0,4372.0,5707.0,5544,2412.0,1150.0,2158,13
Darlinghurst,117031329,427.1,12242.0,4747.0,6833.0,7118,5230.0,1083.0,3100,3
Darra - Sumner,310011271,124.0,5164.0,1435.0,1845.0,2150,734.0,468.0,631,4
Davenport,501021011,164.8,12.0,3.0,5.0,11,0.0,0.0,0,0
Daylesford,201021011,51.0,9117.0,3424.0,5720.0,3891,1792.0,1100.0,659,3
Deer Park - Derrimut,213011330,286.0,27536.0,7095.0,8792.0,10888,3709.0,3161.0,2169,3
Deloraine,602021054,20.0,5811.0,2211.0,2683.0,2229,524.0,644.0,534,15
Deniliquin,109031182,37.1,7556.0,2912.0,3606.0,3092,588.0,879.0,872,6
Deniliquin Region,109031183,105.3,6838.0,2576.0,3591.0,3052,513.0,697.0,586,0
Denman Prospect,801101136,278.0,0,0,0,0,0.0,0,0,0
Denmark,509011228,2.7,6018.0,2037.0,3375.0,2364,962.0,511.0,580,0
Derby - West Kimberley,510011263,45.0,8341.0,1655.0,3660.0,2321,572.0,183.0,1729,95
Derwent Valley,603011066,14.0,3134.0,1129.0,1380.0,1237,227.0,498.0,153,4
Deua - Wadbilliga,101041022,146.6,25.0,24.0,21.0,11,6.0,6.0,0,0
Diddillibah - Rosemount,316071546,150.0,3876.0,1178.0,1561.0,1638,518.0,462.0,159,3
Donnybrook - Balingup,501031018,39.0,5956.0,1971.0,2774.0,2509,598.0,743.0,373,8
Dorrigo,104021087,298.6,3262.0,1318.0,1685.0,1184,348.0,327.0,284,0
Douglas,318021474,749.0,8037.0,2092.0,2735.0,3883,1646.0,671.0,1269,27
Douglas Park - Appin,123031446,507.8,9927.0,2214.0,3181.0,4961,1141.0,1100.0,340,5
Dowerin,509021238,51.2,4048.0,1632.0,2221.0,1802,283.0,370.0,479,0
Drayton - Harristown,317011447,507.0,10405.0,3940.0,4773.0,4065,1006.0,1063.0,1526,10
Dubbo - South,105031101,197.8,17389.0,6031.0,7486.0,8044,2319.0,1985.0,2277,14
Dubbo Region,105031103,210.70000000000002,5713.0,1746.0,2165.0,2793,624.0,761.0,197,10
Dungog,106011110,14.7,9101.0,3116.0,4024.0,3885,883.0,1094.0,575,14
Durack - Marlow Lagoon,701041038,66.0,4564.0,1129.0,1566.0,2412,585.0,412.0,653,4
Dural - Kenthurst - Wisemans Ferry,115021297,96.5,21649.0,6328.0,7010.0,10568,4047.0,2564.0,867,0
Earlville - Bayview Heights,306021146,652.0,8471.0,3023.0,3772.0,3762,994.0,1045.0,890,120
East Arnhem,702041063,30.0,8481.0,935.0,1422.0,1259,207.0,3.0,964,129
East Bendigo - Kennington,202011020,414.0,13750.0,5424.0,6363.0,5945,2396.0,1427.0,1752,0
East Bunbury - Glen Iris,501021015,164.8,0,0,3224.0,3076,548.0,0,809,4
East Mackay,312021343,227.0,3629.0,1298.0,1668.0,1610,384.0,447.0,503,14
East Melbourne,206041119,229.0,5475.0,2255.0,2956.0,3031,2509.0,434.0,1215,0
East Pilbara,510021267,64.0,7210.0,475.0,1006.0,3803,439.0,35.0,356,20
East Side,702011046,319.0,5369.0,1821.0,2284.0,2650,1089.0,699.0,774,16
Eastwood - Denistone,126021497,194.8,26201.0,7781.0,8985.0,11622,8668.0,2548.0,2470,4
Eaton - Pelican Point,501021012,164.8,11940.0,3567.0,4770.0,5324,874.0,1630.0,930,11
Echuca,216011406,94.0,14888.0,5405.0,6600.0,6424,1379.0,1695.0,1589,4
Edensor Park,127021514,271.8,10198.0,2640.0,2873.0,4173,1088.0,1076.0,615,0
Eimeo - Rural View,312021344,227.0,12521.0,2990.0,4866.0,5953,1318.0,1427.0,1695,125
Elderslie - Harrington Park,123011434,56.0,21538.0,5059.0,6900.0,10782,2649.0,2771.0,1250,7
Elizabeth,402021030,376.0,10463.0,4224.0,4870.0,2435,385.0,942.0,2245,16
Elizabeth East,402021031,376.0,13066.0,4661.0,5469.0,4592,699.0,1846.0,1628,16
Emerald,308011192,37.0,13867.0,3952.0,5929.0,6615,1250.0,1637.0,2009,31
Emu Park,308031207,22.0,5545.0,1698.0,2954.0,1944,460.0,473.0,710,17
Emu Plains - Leonay,124031459,11.0,14572.0,4743.0,5197.0,6987,1835.0,2019.0,814,3
Endeavour Hills - North,212021453,179.0,0,0,4119.0,5384,1756.0,0,672,9
Enfield - Blair Athol,402031036,119.0,23761.0,8455.0,9975.0,9187,3752.0,2169.0,3735,14
Epping - East,209041431,473.0,0,0,4590.0,5852,1540.0,0,1036,0
Erina - Green Point,102011031,525.9,14342.0,5050.0,5765.0,5625,2150.0,1694.0,874,8
Esk,310021278,20.0,5246.0,1908.0,2610.0,1690,392.0,586.0,456,17
Esperance,511011274,39.0,12355.0,4062.0,5650.0,5425,916.0,1278.0,1389,0
Esperance Region,511011275,43.2,3936.0,1380.0,2217.0,1722,302.0,255.0,474,0
Ettrema - Sassafras - Budawang,114011275,57.0,52.0,9.0,43.0,24,11.0,6.0,0,0
Eumundi - Yandina,316071547,150.0,10763.0,3360.0,4143.0,4753,1451.0,1422.0,710,7
Eurobodalla Hinterland,101041024,120.1,3379.0,1222.0,2027.0,1398,372.0,378.0,219,10
Evans Head,112011241,0.0,5316.0,2099.0,2867.0,1944,440.0,479.0,734,10
Evatt,801011007,278.0,5366.0,1901.0,2052.0,2710,1253.0,851.0,391,0
Exmouth,511021277,48.4,4409.0,1396.0,4328.0,2126,476.0,279.0,925,3
Eyre Peninsula,406011130,34.0,6667.0,2445.0,3853.0,2881,525.0,711.0,597,0
Fairfield - Dutton Park,303021054,1044.0,5082.0,1520.0,2055.0,2503,1776.0,374.0,909,0
Far Central West,315031410,122.0,2158.0,947.0,1593.0,1116,154.0,144.0,368,14
Far South West,315031411,25.0,2849.0,1203.0,1550.0,1391,176.0,207.0,393,12
Far West,105021098,144.9,2579.0,993.0,1449.0,932,120.0,123.0,328,8
Ferntree Gully (North),211011447,179.0,0,0,5898.0,6691,2165.0,0,1158,7
Ferntree Gully (South) - Upper Ferntree Gully,211011448,179.0,0,0,5567.0,7590,2205.0,0,879,3
Figtree - Keiraville,107041146,490.5,21816.0,7127.0,8059.0,9260,4617.0,2241.0,1698,11
Fitzroy,206071142,511.0,11259.0,3812.0,5223.0,5427,4176.0,768.0,2586,0
Flinders,214021378,75.0,5642.0,1845.0,3749.0,2475,1379.0,583.0,289,0
Flinders and Cape Barren Islands,602031099,4.0,0,0,646.0,433,117.0,0,162,0
Flora Hill - Spring Gully,202011021,414.0,9493.0,3545.0,4327.0,4341,1766.0,1056.0,1410,4
Flynn (NT),702011047,319.0,4700.0,1496.0,1820.0,2167,680.0,612.0,612,13
Footscray,213031348,329.0,17343.0,4901.0,7775.0,8246,5249.0,1126.0,3870,0
Forbes,103021065,74.8,10404.0,3806.0,4679.0,4176,789.0,1128.0,1023,33
Forest Hill,211041269,116.0,11074.0,3924.0,4365.0,4772,2871.0,1224.0,1041,0
Forster-Tuncurry Region,108011153,193.5,6216.0,2160.0,3965.0,2023,532.0,681.0,421,9
Fortitude Valley,305011106,969.0,7593.0,2355.0,4456.0,4539,2497.0,500.0,2460,6
Foster,205031087,16.0,8897.0,3330.0,6975.0,3508,1015.0,968.0,650,0
Frankston,214011371,540.0,23510.0,8896.0,11117.0,10012,2958.0,2531.0,4042,7
Frankston South,214011373,540.0,18995.0,6362.0,7325.0,8770,3333.0,2609.0,1068,7
Fremantle,507021165,236.4,15646.0,5653.0,8121.0,7252,4723.0,1544.0,2333,5
Frenchs Forest - Belrose,122031428,0.0,26107.0,7714.0,8531.0,12145,6011.0,3362.0,837,3
Freshwater - Stratford,306011140,652.0,3715.0,1447.0,1652.0,1926,817.0,548.0,447,25
Gannawarra,215031401,52.0,6661.0,2563.0,3329.0,2878,420.0,659.0,517,0
Garbutt - West End,318021475,749.0,6701.0,2764.0,3522.0,2854,851.0,688.0,1492,69
Garran,801091102,26.0,3546.0,1170.0,1345.0,1518,1329.0,320.0,381,0
Gatton,317011448,22.0,7657.0,2514.0,2931.0,2954,709.0,569.0,1063,8
Gawler - North,402011025,62.0,9343.0,3080.0,3577.0,4572,767.0,1612.0,596,0
Gawler - South,402011026,62.0,20062.0,6958.0,8775.0,8380,1774.0,2582.0,2319,11
Gayndah - Mundubbera,319021503,19.0,6776.0,2536.0,3461.0,2836,413.0,586.0,764,28
Geelong,203021039,507.0,13077.0,5099.0,6565.0,6301,2921.0,1508.0,2081,3
Geelong West - Hamlyn Heights,203021040,97.0,20021.0,7879.0,9321.0,9707,3859.0,2532.0,2773,0
Geeveston - Dover,603021071,9.0,3716.0,1412.0,2160.0,1307,368.0,477.0,266,7
Gelorup - Stratham,501021252,164.8,0,0,1049.0,1428,445.0,0,53,0
George Town,602031059,15.0,6961.0,2626.0,3618.0,2213,413.0,784.0,812,7
Geraldton,511041285,100.0,12185.0,4906.0,6302.0,4584,1049.0,1169.0,1914,12
Geraldton - East,511041286,100.0,8169.0,2432.0,3094.0,3126,338.0,1072.0,610,33
Geraldton - North,511041287,100.0,7839.0,2282.0,3296.0,3574,604.0,937.0,696,8
Geraldton - South,511041288,100.0,10176.0,3161.0,4208.0,4892,1148.0,1207.0,1060,6
Gilbert Valley,405021117,39.0,4991.0,1855.0,2436.0,2174,547.0,634.0,371,0
Gilgandra,105031104,241.0,4441.0,1690.0,2032.0,1853,308.0,434.0,455,11
Gin Gin,319021504,6.0,5176.0,1944.0,2557.0,1546,263.0,675.0,388,6
Giralang,801011011,278.0,3354.0,1165.0,1280.0,1675,879.0,507.0,244,0
Gladstone,308051534,79.0,6167.0,2333.0,3688.0,2568,634.0,569.0,1320,28
Gladstone Hinterland,308051535,79.0,11951.0,3320.0,4720.0,5179,686.0,1538.0,840,12
Glen Innes,110021190,77.6,8934.0,3465.0,4377.0,3224,651.0,885.0,923,21
Glendale - Cardiff - Hillsborough,111011209,860.5,23987.0,8365.0,9350.0,10899,3321.0,3499.0,1762,12
Glenelg (Vic.),217011420,83.0,8778.0,3472.0,4591.0,3849,663.0,1091.0,548,8
Glenlee - Rockyview,308031209,12.0,5067.0,1239.0,1519.0,2275,452.0,719.0,79,35
Gloucester,108051167,79.0,5108.0,1995.0,2607.0,1815,443.0,465.0,507,3
Gnowangerup,509011229,4.0,2932.0,1069.0,1782.0,1471,238.0,255.0,335,4
Golden Beach - Pelican Waters,316021421,32.0,12198.0,4192.0,5950.0,4421,1494.0,1023.0,1242,8
Goondiwindi,307011173,33.0,6496.0,2212.0,2790.0,3009,580.0,697.0,843,12
Goonellabah,112021246,296.0,13375.0,4885.0,5620.0,5474,1655.0,1621.0,1502,24
Gordonvale - Trinity,306021148,34.0,8899.0,2680.0,3330.0,3931,728.0,1089.0,753,142
Gorokan - Kanwal - Charmhaven,102021048,324.5,22584.0,7983.0,9442.0,8294,1273.0,2586.0,2473,25
Gosford - Springfield,102011032,525.9,19382.0,7611.0,9208.0,8506,3130.0,2115.0,3574,3
Goulburn,101051539,240.7,23415.0,8251.0,10165.0,9708,2026.0,2621.0,2835,23
Goulburn Region,101051540,276.59999999999997,12905.0,4392.0,6828.0,5701,1309.0,1401.0,764,5
Goyder,405021118,15.0,4264.0,1691.0,2228.0,1706,273.0,517.0,360,0
Gracemere,308031210,12.0,11957.0,2856.0,4634.0,5012,727.0,1191.0,1633,30
Grafton,104011080,93.8,19037.0,7086.0,8428.0,6499,1385.0,1984.0,2388,37
Grafton Region,104011081,468.70000000000005,15611.0,5562.0,7111.0,5610,1179.0,1954.0,879,18
Grant,407021150,6.0,5984.0,1881.0,2743.0,2548,354.0,770.0,302,0
Granville,319051523,97.0,3246.0,1154.0,1375.0,995,138.0,363.0,344,8
Greenfield Park - Prairiewood,127021517,271.8,8636.0,2241.0,2457.0,3133,853.0,836.0,584,0
Grenfell,103021066,80.1,3665.0,1501.0,1865.0,1439,292.0,348.0,291,0
Greystanes - Pemulwuy,125031482,1351.4,27290.0,7633.0,8946.0,11972,4174.0,3126.0,1494,5
Griffith (NSW),113011256,91.7,19709.0,6269.0,7792.0,8499,1670.0,1782.0,2320,11
Griffith Region,113011257,202.7,13185.0,4467.0,5551.0,6222,934.0,1364.0,1285,9
Grindelwald - Lanena,602021055,4.0,5774.0,2083.0,2559.0,2405,753.0,818.0,272,3
Gulliver - Currajong - Vincent,318021476,749.0,7921.0,3007.0,3529.0,3271,748.0,1014.0,1124,115
Gundagai,113031264,30.0,3637.0,1378.0,1694.0,1582,262.0,375.0,319,0
Gunnedah,110041199,40.1,9409.0,3327.0,4092.0,3888,739.0,967.0,1200,17
Gunnedah Region,110041200,358.30000000000007,4219.0,1594.0,1999.0,1920,299.0,406.0,425,8
Gympie - North,319031512,81.0,14500.0,5227.0,6440.0,4908,918.0,1428.0,2130,35
Gympie - South,319031513,81.0,6809.0,2267.0,2851.0,2555,535.0,773.0,791,4
Gympie Region,319031514,81.0,18845.0,6219.0,8007.0,7162,1427.0,2344.0,1088,21
Hadspen - Carrick,602021056,404.0,3276.0,1179.0,1381.0,1637,280.0,536.0,212,5
Halls Creek,510011264,40.0,3599.0,729.0,1442.0,705,183.0,14.0,667,9
Hamilton (Vic.),217011421,72.0,10081.0,4127.0,4941.0,4400,1073.0,1181.0,1031,4
Harvey,501021014,20.0,9034.0,2960.0,4106.0,3815,659.0,925.0,790,12
Hay,109021177,28.0,3012.0,1183.0,1597.0,1310,182.0,302.0,347,3
Healesville - Yarra Glen,211051276,19.0,14106.0,4758.0,5753.0,6333,1729.0,1989.0,872,8
Heathcote,202021029,32.0,4529.0,1681.0,2484.0,1576,368.0,569.0,263,0
Heatley,318021477,749.0,4125.0,1582.0,1774.0,1494,336.0,464.0,524,68
Heidelberg - Rosanna,209011198,807.0,15532.0,5269.0,6405.0,7057,4787.0,1594.0,1678,0
Heidelberg West,209011199,187.0,14806.0,5158.0,6292.0,5888,3022.0,1279.0,2419,6
Helena Valley - Koongamia,504021051,307.0,5487.0,1624.0,2221.0,2659,669.0,779.0,335,0
Herberton,306051167,38.0,5709.0,2084.0,2857.0,1709,334.0,580.0,524,45
Highfields,317011450,507.0,13429.0,3625.0,4689.0,6240,2169.0,1623.0,688,14
Highgate Hill,305011107,836.0,6755.0,2369.0,2884.0,3377,2342.0,496.0,1296,8
Hobart,601051027,505.0,8115.0,3100.0,4349.0,3905,2691.0,650.0,1836,10
Holsworthy - Wattle Grove,127031524,821.7,21348.0,5845.0,6565.0,10792,3818.0,2981.0,1619,0
Homebush Bay - Silverwater,125011473,664.9,19576.0,3650.0,7525.0,9078,5962.0,1505.0,3261,10
Hope Valley - Modbury,402051052,133.0,16710.0,6422.0,7296.0,6822,2359.0,2098.0,1680,3
Hornsby - East,121021577,261.3,0,0,5113.0,6241,4288.0,0,2508,0
Horsham,215011388,90.0,16462.0,6413.0,7644.0,7364,1717.0,2097.0,1815,3
Howard Springs,701031031,66.0,7533.0,1041.0,1665.0,3171,480.0,432.0,234,15
Hughes,801091103,26.0,3018.0,1083.0,1216.0,1310,1171.0,357.0,266,0
Hume,801031031,45.7,434.0,3.0,3.0,3,4.0,0.0,0,0
Huonville - Franklin,603021072,9.0,8518.0,2859.0,3592.0,3509,1033.0,1189.0,566,17
Illawarra Catchment Reserve,107021135,451.8,5.0,3.0,5.0,7,0.0,0.0,0,0
Ingham,318011464,32.0,4468.0,1899.0,2307.0,1717,259.0,371.0,554,26
Ingham Region,318011465,32.0,6500.0,2590.0,3431.0,2840,422.0,585.0,519,30
Inglewood - Waggamba,307011174,61.0,4287.0,1611.0,2203.0,1837,301.0,344.0,538,4
Innisfail,306031159,63.0,9575.0,3471.0,4183.0,3531,674.0,740.0,1461,273
Inverell,110021191,46.6,11900.0,4377.0,5204.0,4536,871.0,1297.0,1547,33
Inverell Region - East,110021192,139.2,5340.0,1901.0,2340.0,1861,291.0,521.0,412,0
Inverell Region - West,110021193,144.1,6057.0,2265.0,2851.0,2363,418.0,575.0,520,6
Ipswich - Central,310031286,439.0,6782.0,2394.0,2873.0,2659,879.0,669.0,1012,31
Ipswich - East,310031287,439.0,18521.0,6477.0,7904.0,7088,1689.0,1935.0,2731,37
Irwin,511041289,2.3,3604.0,1326.0,1989.0,1389,208.0,375.0,413,0
Ivanhoe East - Eaglemont,209011201,807.0,8119.0,2672.0,3059.0,3897,2976.0,830.0,525,0
Jamestown,405031120,59.0,4661.0,1858.0,2383.0,2014,396.0,582.0,395,0
Jamisontown - South Penrith,124031461,11.0,17738.0,6082.0,6822.0,8154,1723.0,2515.0,1819,5
Jilliby - Yarramalong,102021049,324.5,3423.0,943.0,1206.0,1644,453.0,436.0,116,3
Jimboomba,311041321,28.0,26560.0,5947.0,8687.0,12347,1745.0,3771.0,1542,20
Jindabyne - Berridale,101031016,33.0,7071.0,2041.0,5100.0,3899,1001.0,676.0,1024,0
Jingili,701021018,1243.0,1894.0,588.0,643.0,877,359.0,264.0,138,15
Johnstone,306031160,73.0,8029.0,2849.0,3969.0,3559,516.0,854.0,713,61
Jondaryan,307021180,560.0,7620.0,2495.0,3079.0,3481,405.0,771.0,813,4
Junee,113031265,385.09999999999997,6363.0,1868.0,2322.0,2290,402.0,630.0,483,14
Kalamunda - Maida Vale - Gooseberry Hill,506051140,22.0,15409.0,5366.0,6214.0,6917,2655.0,2126.0,674,6
Kaleen,801011016,278.0,7369.0,2570.0,2777.0,3616,2081.0,897.0,573,0
Kalgoorlie,511031279,119.0,14298.0,4394.0,5900.0,6912,1388.0,1768.0,1896,34
Kalgoorlie - North,511031280,119.0,9038.0,2950.0,3742.0,4634,1115.0,1258.0,1165,3
Kambalda - Coolgardie - Norseman,511031282,123.7,4671.0,1655.0,2635.0,1913,227.0,535.0,600,14
Kangaroo Island,407011145,15.0,4836.0,1782.0,3186.0,2166,531.0,538.0,498,3
Kanimbla - Mooroobool,306021149,652.0,10147.0,3211.0,3834.0,4561,1334.0,1205.0,1093,236
Karabar,101021008,45.7,8531.0,3089.0,3385.0,4184,908.0,1186.0,898,0
Kariong,102011033,525.9,6586.0,2034.0,2181.0,3156,680.0,1112.0,421,0
Karoonda - Lameroo,407031161,23.0,3096.0,1221.0,1667.0,1417,206.0,304.0,270,0
Karratha,510031272,28.0,16363.0,4181.0,7516.0,8040,1783.0,619.0,3945,61
Katanning,509011230,22.9,4615.0,1669.0,2039.0,1959,324.0,492.0,522,0
Katherine,702051067,82.0,10605.0,2793.0,4081.0,4152,1014.0,738.0,1491,62
Katoomba - Leura,124011452,92.3,13563.0,5152.0,7470.0,5552,3033.0,1642.0,1596,8
Keilor Downs,213011332,583.0,13943.0,4337.0,4841.0,5851,1678.0,1550.0,816,0
Kelvin Grove - Herston,305031126,969.0,10718.0,2898.0,4313.0,4553,3607.0,699.0,2341,9
Kempsey,108021155,74.0,15125.0,5067.0,5894.0,4467,776.0,1413.0,1553,73
Kempsey Region,108021156,74.0,9133.0,3483.0,4716.0,3414,776.0,1038.0,699,17
Kerang,215031402,18.0,3898.0,1597.0,1961.0,1521,273.0,390.0,374,0
Kew,207011153,212.0,26504.0,8370.0,10373.0,12255,9781.0,2367.0,2736,0
Kiama,107031138,15.0,7862.0,2902.0,3950.0,3231,1527.0,752.0,714,0
Kiama Downs - Minnamurra,107031139,15.0,6112.0,2006.0,2349.0,2746,1131.0,763.0,303,0
Kiama Hinterland - Gerringong,107031140,41.0,8051.0,2475.0,3618.0,3478,1655.0,754.0,513,5
Kilcoy,313031370,19.0,5535.0,1773.0,2402.0,2200,393.0,588.0,492,9
Kilkivan,319031515,91.0,3747.0,1341.0,1854.0,1352,209.0,446.0,283,3
Kilmore - Broadford,204011056,36.0,14098.0,4140.0,5605.0,6047,1188.0,1885.0,1067,0
Kimba - Cleve - Franklin Harbour,406011131,97.0,4360.0,1631.0,2712.0,1952,248.0,404.0,408,0
Kin Kora - Sun Valley,308051536,79.0,3687.0,1309.0,1536.0,1754,292.0,594.0,389,7
Kingaroy,319021505,49.0,10464.0,3734.0,4640.0,4233,873.0,1100.0,1566,15
Kingaroy Region - North,319021506,86.0,9739.0,3361.0,4355.0,3047,534.0,889.0,1139,80
Kingaroy Region - South,319021507,49.0,3949.0,1332.0,1700.0,1814,305.0,502.0,249,3
Kinglake,209031211,19.0,3984.0,1190.0,1594.0,1847,393.0,658.0,113,0
Kings Park (Vic.),213011333,583.0,14447.0,4263.0,4845.0,4945,1130.0,1492.0,965,0
Kings Park (WA),503021037,6.0,36.0,15.0,8.0,7,8.0,5.0,7,0
Kingsbury,209021205,86.0,11965.0,3057.0,3852.0,4879,3012.0,1108.0,1143,0
Kingston - Robe,407021151,100.0,3828.0,1466.0,3147.0,1728,294.0,361.0,425,9
Kingswood - Werrington,124031462,595.5,20044.0,6132.0,7683.0,8962,2535.0,2369.0,2855,9
Kirwan - West,318021482,34.0,15887.0,5148.0,5860.0,7747,1690.0,2149.0,1887,139
Kogarah,119041378,799.5,11860.0,3484.0,4373.0,5761,3477.0,1078.0,1797,0
Kogarah Bay - Carlton - Allawah,119041379,799.5,16807.0,5333.0,6131.0,7924,4003.0,1727.0,2072,5
Kojonup,509011231,5.6,4281.0,1558.0,2037.0,1954,358.0,339.0,431,0
Koo Wee Rup,212011290,9.0,7666.0,2325.0,2876.0,3541,401.0,976.0,486,4
Korora - Emerald Beach,104021088,271.6,9011.0,2686.0,3714.0,4013,1496.0,966.0,718,7
Korumburra,205031089,15.0,9253.0,3253.0,4113.0,4012,811.0,1253.0,615,4
Kowen,801031032,45.7,38.0,12.0,13.0,13,3.0,4.0,5,0
Kulin,509031247,86.19999999999999,4401.0,1750.0,2455.0,2291,390.0,341.0,487,12
Kununurra,510011265,37.0,7480.0,2265.0,4164.0,3238,782.0,367.0,1554,28
Kurrajong Heights - Ebenezer,115031300,96.5,22476.0,6697.0,7593.0,11418,2641.0,3480.0,809,12
Kurri Kurri - Abermain,106011111,64.1,17967.0,6017.0,7152.0,6877,740.0,2221.0,1802,20
Kyabram,216011407,145.0,11034.0,4051.0,4737.0,4584,812.0,1371.0,948,6
Kyneton,202021030,24.0,9782.0,3324.0,4405.0,4291,1579.0,1233.0,697,0
Kyogle,112021247,370.0,7464.0,2936.0,3621.0,2658,692.0,838.0,660,8
Labrador,309031238,862.0,19002.0,6952.0,8939.0,7719,2317.0,1758.0,3872,11
Lake Munmorah - Mannering Park,102021050,324.5,10925.0,4124.0,4924.0,3956,643.0,1261.0,735,8
Lamb Range,306021150,652.0,0.0,0.0,0,0,0.0,0.0,0,0
Lambton - New Lambton,111031225,860.5,17040.0,6485.0,7255.0,7987,3525.0,2170.0,1947,8
Lane Cove - Greenwich,121011400,843.4,27938.0,8752.0,11089.0,13706,10827.0,2936.0,2901,3
Lara,203021043,39.0,18587.0,5180.0,6512.0,8334,1874.0,2387.0,1235,15
Larapinta,702011048,319.0,5241.0,1620.0,2059.0,2530,767.0,729.0,677,23
Largs Bay - Semaphore,404021099,36.0,14824.0,5940.0,7055.0,7332,2487.0,2168.0,1934,4
Latrobe,604021087,95.0,4597.0,1628.0,2040.0,1858,278.0,549.0,473,3
Launceston,602011038,404.0,5281.0,2163.0,2748.0,2446,1338.0,597.0,905,0
Lawson,801011018,278.0,146.0,0.0,59.0,60,47.0,0.0,15,0
Lawson - Hazelbrook - Linden,124011453,17.9,11514.0,4121.0,4761.0,5346,2363.0,1999.0,644,8
Le Hunte - Elliston,406011132,19.0,2317.0,896.0,1485.0,1126,181.0,188.0,236,0
Leeton,113011258,63.0,10307.0,3405.0,4301.0,4264,773.0,1110.0,1045,4
Leichhardt - One Mile,310031291,439.0,7879.0,2347.0,3205.0,2578,376.0,722.0,1350,6
Leinster - Leonora,511031283,11.4,4939.0,1026.0,1791.0,1771,293.0,43.0,817,21
Lenah Valley - Mount Stuart,601051028,604.0,8516.0,3318.0,3719.0,4297,2390.0,1245.0,778,6
Lennox Head - Skennars Head,112011242,69.8,8088.0,2672.0,3420.0,3793,1752.0,954.0,652,4
Leongatha,205031090,37.0,11202.0,3951.0,4918.0,4781,1181.0,1350.0,815,10
Lesmurdie - Bickley - Carmel,506051141,22.0,11982.0,3724.0,4233.0,5225,1900.0,1594.0,423,3
Lethbridge Park - Tregear,116031316,109.5,21283.0,5041.0,7131.0,7070,1661.0,1396.0,2923,11
Leumeah - Minto Heights,123021441,451.8,16962.0,5603.0,6162.0,7578,1757.0,2298.0,1675,7
Light,405011111,49.0,9187.0,2994.0,3671.0,4278,800.0,1389.0,517,0
Lilli Pilli - Port Hacking - Dolans Bay,128011605,344.9,0,0,1052.0,1683,751.0,0,65,0
Lilydale - Coldstream,211051278,16.0,19448.0,6370.0,7437.0,9332,2194.0,2888.0,1274,11
Lismore,112021248,296.0,15641.0,6188.0,7059.0,6029,2074.0,1753.0,2262,15
Lismore Region,112021249,296.0,15415.0,5376.0,6551.0,6807,2546.0,1939.0,981,18
Lithgow,103031070,77.7,13040.0,4858.0,5990.0,4523,885.0,1394.0,1524,9
Lithgow Region,103031071,260.5,8435.0,2923.0,3728.0,3279,640.0,1035.0,431,9
Little Grove - Elleker,509011232,128.0,3703.0,1062.0,1454.0,1547,441.0,360.0,209,3
Liverpool,127031598,821.7,0,0,10089.0,8515,3263.0,0,4757,0
Lockington - Gunbower,216011408,106.0,3855.0,1316.0,1674.0,1810,278.0,497.0,231,4
Lockyer Valley - East,310021280,37.0,20295.0,6039.0,7701.0,7577,1159.0,2514.0,1527,45
Lockyer Valley - West,317011451,22.0,11551.0,3347.0,4298.0,5233,1088.0,1437.0,639,17
Loddon,202031033,39.0,7098.0,2853.0,3919.0,2638,490.0,688.0,472,7
Loganlea,311051326,445.0,10863.0,2974.0,3703.0,4137,855.0,1017.0,1670,41
Longford,602031060,2.0,4050.0,1512.0,1844.0,1631,341.0,467.0,444,3
Longreach,315031412,23.0,3727.0,1528.0,2360.0,1938,402.0,394.0,605,9
Lord Howe Island,108031161,0.1,414.0,134.0,221.0,225,48.0,26.0,51,0
Lorne - Anglesea,203031049,9.0,5261.0,1784.0,6658.0,2277,1229.0,460.0,447,4
Loxton,407031162,22.0,5491.0,2082.0,2502.0,2357,410.0,696.0,549,3
Loxton Region,407031163,59.0,1735.0,652.0,874.0,774,101.0,207.0,132,0
Lurnea - Cartwright,127031599,821.7,0,0,4054.0,3425,753.0,0,1482,3
Lyndoch,405011112,22.0,6318.0,1959.0,2367.0,2960,644.0,1026.0,280,0
Lyons (NT),701021021,1243.0,5076.0,638.0,1724.0,2582,984.0,134.0,795,18
Lysterfield,211011255,179.0,6917.0,1899.0,2091.0,3702,1130.0,1159.0,142,0
Mackay,312021346,227.0,3793.0,1594.0,2187.0,1511,488.0,262.0,965,37
Mackay Harbour,312021347,227.0,537.0,199.0,329.0,267,111.0,42.0,93,0
Macksville - Scotts Head,108021157,40.6,4896.0,1812.0,2332.0,1603,397.0,457.0,490,15
Maclean - Yamba - Iluka,104011082,42.7,16567.0,6437.0,9172.0,5308,1608.0,1412.0,1922,7
Macquarie Park - Marsfield,126021500,352.6,22689.0,7077.0,8938.0,10165,8486.0,1796.0,3976,3
Maffra,205051101,9.0,13973.0,5043.0,6402.0,6065,1216.0,1848.0,1002,4
Maitland,106021114,176.5,6768.0,1781.0,2716.0,2941,676.0,619.0,791,15
Maitland - North,106021116,176.5,7761.0,2261.0,2831.0,3713,1236.0,1031.0,368,15
Maitland - West,106021117,176.5,23091.0,6467.0,8868.0,9845,1603.0,2553.0,2683,41
Malabar - La Perouse - Chifley,118021350,341.7,25045.0,6826.0,8758.0,10228,4276.0,1981.0,2609,17
Malanda - Yungaburra,306051169,127.0,8565.0,3036.0,4325.0,3570,1011.0,780.0,712,17
Malmalling - Reservoir,504021052,22.0,10.0,3.0,5.0,4,0.0,0.0,0,0
Manjimup,501031019,21.7,5602.0,2057.0,2580.0,2529,358.0,659.0,650,0
Manly - Fairlight,122011419,47.4,23655.0,8561.0,11172.0,12282,8791.0,1967.0,4158,3
Mannum,407031164,45.0,6333.0,2380.0,4601.0,2350,394.0,723.0,517,0
Manoora,306021151,652.0,6220.0,2308.0,2991.0,2121,499.0,491.0,1441,288
Mansfield (Vic.),204011057,26.0,8935.0,3020.0,6545.0,3911,1088.0,971.0,699,0
Manunda,306021152,652.0,5549.0,2092.0,2673.0,1970,471.0,429.0,1203,172
Mareeba,306051170,51.0,11348.0,3803.0,4944.0,4343,834.0,961.0,1332,127
Margaret River,501011004,18.0,9260.0,2516.0,4459.0,4414,1488.0,951.0,1015,0
Margate - Snug,601041024,9.0,7827.0,2441.0,3018.0,3657,1286.0,1158.0,429,4
Maroochy Hinterland,316061443,150.0,6402.0,2328.0,2878.0,2568,982.0,766.0,401,0
Maryborough (Qld),319051524,97.0,18489.0,7035.0,8345.0,5561,1085.0,1932.0,2333,54
Maryborough (Vic.),201031016,48.0,8001.0,3271.0,3990.0,2586,468.0,840.0,947,8
Maryborough Region,201031017,48.0,5278.0,2070.0,2780.0,1840,365.0,637.0,279,0
Maryborough Region - South,319051525,185.0,8442.0,3009.0,4363.0,2552,445.0,1035.0,501,14
McKail - Willyung,509011233,128.0,10560.0,3345.0,4329.0,4657,632.0,1258.0,1021,8
McKellar,801011021,278.0,2810.0,950.0,1032.0,1379,774.0,358.0,197,0
McLaren Vale,403041083,0.0,6090.0,2131.0,2533.0,2749,776.0,840.0,327,0
Meekatharra,511041290,16.0,3184.0,838.0,1557.0,1338,261.0,71.0,418,12
Melton,213041356,18.0,19560.0,6290.0,7418.0,7612,1224.0,2722.0,1772,6
Melton West,213041358,18.0,18157.0,4644.0,6254.0,7637,1397.0,2538.0,1390,0
Merimbula - Tura Beach,101041025,21.1,10846.0,4017.0,5949.0,4098,1380.0,1001.0,1050,0
Merredin,509021240,23.7,5151.0,1930.0,2550.0,2318,398.0,491.0,621,0
Merrimac,309081260,377.0,7339.0,2044.0,2712.0,3361,809.0,833.0,1117,5
Merrylands - Holroyd,125031485,1351.4,29739.0,8458.0,9981.0,11434,4541.0,2412.0,4025,11
Mickleham - Yuroke,210051445,14.0,0,0,1175.0,1730,468.0,0,83,0
Middle Ridge,317011452,507.0,7344.0,2138.0,2582.0,3215,1498.0,783.0,465,0
Middle Swan - Herne Hill,504031065,307.0,5606.0,1801.0,2344.0,2415,468.0,646.0,495,11
Midland - Guildford,504031066,307.0,11011.0,3774.0,5251.0,4515,1404.0,1085.0,1848,11
Mildura Region,215021398,16.0,3747.0,1459.0,1998.0,1745,253.0,323.0,341,5
Miles - Wandoan,307011175,13.0,4136.0,1379.0,2263.0,1982,320.0,301.0,601,11
Millbank - Avoca,319011500,247.0,7493.0,2953.0,3450.0,2597,536.0,795.0,845,26
Millicent,407021152,30.0,5396.0,2120.0,2539.0,2030,262.0,742.0,562,3
Millmerran,307021181,12.0,3345.0,1135.0,1524.0,1406,201.0,273.0,360,3
Millner,701021023,1243.0,2737.0,893.0,1112.0,1339,486.0,306.0,422,20
Mitchell Park,403021061,656.0,15405.0,6034.0,7155.0,6244,2945.0,1630.0,2519,5
Modbury Heights,402051053,133.0,19205.0,7068.0,7683.0,9585,2575.0,3276.0,1291,0
Moffat Beach - Battery Hill,316021422,32.0,8112.0,3018.0,4027.0,3403,1281.0,755.0,1046,10
Moil,701021024,1243.0,2137.0,640.0,730.0,978,323.0,241.0,206,16
Moira,216021412,29.0,2623.0,976.0,1407.0,1187,204.0,351.0,150,0
Molonglo,801101137,278.0,38.0,9.0,0,3,0.0,6.0,0,0
Monterey - Brighton-le-Sands - Kyeemagh,119041380,799.5,14883.0,5266.0,6381.0,6560,2647.0,1280.0,2078,0
Monto - Eidsvold,319021508,24.0,3870.0,1449.0,2204.0,1502,223.0,339.0,406,8
Moonta,405041125,21.0,4938.0,1783.0,3401.0,1603,307.0,460.0,508,0
Moora,509021241,16.0,4855.0,1712.0,2393.0,2314,378.0,436.0,561,3
Moranbah,312011341,12.0,9045.0,2606.0,4137.0,4328,825.0,411.0,2124,29
Morawa,511041291,9.0,4090.0,1561.0,2595.0,1865,290.0,313.0,527,0
Moree,110031195,39.5,8509.0,2890.0,3895.0,3295,663.0,791.0,1252,30
Moree Region,110031196,72.3,5637.0,1953.0,2552.0,2485,432.0,393.0,745,16
Morisset - Cooranbong,111021218,446.2,15276.0,4992.0,6312.0,5661,1752.0,1572.0,1197,18
Mornington,214021380,94.0,25030.0,8955.0,11320.0,10171,3574.0,3154.0,2247,0
Moruya - Tuross Head,101041026,56.1,8070.0,3144.0,4667.0,2875,991.0,809.0,766,13
Mount Annan - Currans Hill,123011435,56.0,29329.0,7391.0,9358.0,15309,3261.0,4695.0,1874,4
Mount Barker,401021007,46.0,17639.0,5557.0,7053.0,8232,2382.0,2340.0,1932,8
Mount Barker Region,401021008,46.0,6341.0,2167.0,2597.0,3243,876.0,1129.0,259,6
Mount Druitt - Whalan,116031317,109.5,23501.0,6681.0,7647.0,7946,2843.0,2000.0,3344,12
Mount Gambier - East,407021173,96.0,0,0,6559.0,6730,1165.0,0,1745,8
Mount Isa,315021405,85.0,19271.0,6288.0,8281.0,8941,1759.0,2152.0,2867,122
Mount Isa Region,315021406,100.0,3458.0,1012.0,2029.0,1684,286.0,162.0,573,26
Mount Johns,702011049,319.0,4007.0,1300.0,1794.0,2149,825.0,364.0,745,3
Mount Louisa,318021484,749.0,9476.0,2674.0,3636.0,4765,1085.0,1269.0,1167,61
Mount Morgan,308031212,10.0,2961.0,1200.0,1584.0,780,102.0,281.0,318,6
Mount Pleasant - Glenella,312021348,227.0,11039.0,3474.0,4246.0,5233,1325.0,1382.0,838,55
Mount Waverley - South,212051324,35.0,19291.0,6298.0,7238.0,8308,5587.0,1872.0,1513,0
Moyne - East,217041477,28.0,6709.0,2409.0,3126.0,3151,571.0,739.0,506,5
Moyne - West,217041478,22.0,9603.0,3278.0,4792.0,4357,1252.0,1114.0,688,6
Mudgee,103031072,29.7,12019.0,3863.0,5273.0,5040,1165.0,1157.0,1540,8
Mudgee Region - East,103031073,168.6,3497.0,1388.0,1975.0,1083,223.0,315.0,353,0
Mudgee Region - West,103031074,86.7,10514.0,3652.0,5055.0,4035,791.0,1087.0,728,7
Mukinbudin,509021242,8.5,3218.0,1203.0,1841.0,1577,217.0,247.0,383,0
Mullumbimby,112011243,44.8,8398.0,2750.0,3809.0,3143,1416.0,776.0,853,10
Murdoch - Kardinya,507041182,928.6,12846.0,4364.0,4839.0,5714,2990.0,1318.0,861,3
Murray,509031248,8.0,2625.0,855.0,1296.0,1172,230.0,278.0,250,4
Murray Bridge,407031165,58.0,18196.0,6403.0,8014.0,6870,988.0,1763.0,2525,4
Murray Bridge Region,407031166,96.0,3716.0,1248.0,1886.0,1760,233.0,511.0,207,0
Murwillumbah,112031251,61.3,9088.0,3142.0,3857.0,3244,879.0,919.0,1046,19
Murwillumbah Region,112031252,122.6,9906.0,3513.0,4200.0,3933,1264.0,1171.0,682,13
Muswellbrook,106041126,51.6,12376.0,4187.0,5511.0,4860,757.0,1412.0,1922,16
Muswellbrook Region,106041127,68.6,4086.0,1347.0,1783.0,1868,227.0,444.0,370,3
Myrtleford,204031071,15.0,4742.0,1796.0,2271.0,2041,429.0,485.0,403,0
Nagambie,204011058,20.0,4048.0,1408.0,2244.0,1764,380.0,400.0,345,0
Namadgi,801111141,45.7,38.0,12.0,20.0,20,6.0,4.0,7,0
Nambour,316071548,150.0,20380.0,6780.0,8262.0,8294,2045.0,2444.0,2334,49
Nambucca Heads Region,108021159,40.6,7808.0,2822.0,3440.0,2793,787.0,894.0,531,13
Nanango,319021509,59.0,9775.0,3676.0,4887.0,2697,515.0,1088.0,905,26
Naracoorte,407021154,60.0,6208.0,2231.0,2731.0,2938,469.0,771.0,680,0
Naracoorte Region,407021155,60.0,2336.0,889.0,1111.0,1300,213.0,247.0,200,3
Narara,102011035,525.9,6848.0,2253.0,2461.0,3294,902.0,1078.0,438,0
Narrabri,110031197,29.8,7320.0,2580.0,3249.0,3155,601.0,778.0,847,36
Narrabri Region,110031198,64.8,4910.0,1773.0,2178.0,2071,368.0,462.0,546,6
Narrandera,113011259,83.4,6138.0,2330.0,2926.0,2405,413.0,672.0,575,3
Narre Warren North,212021299,240.0,8183.0,1932.0,2360.0,3919,1144.0,1000.0,96,0
Narrogin,509031249,46.3,4796.0,1684.0,2115.0,1900,407.0,527.0,550,4
Narromine,105031105,47.2,6712.0,2482.0,2916.0,2629,487.0,708.0,661,35
Nedlands - Dalkeith - Crawley,503011035,1522.8,19446.0,5956.0,7147.0,7951,8045.0,1460.0,1958,4
Nelson Bay Peninsula,106031121,14.0,21621.0,7721.0,12867.0,7779,2424.0,1708.0,2421,20
New Norfolk,601031020,14.0,6631.0,2460.0,2951.0,2460,281.0,874.0,780,18
New Town,601051030,99.0,6153.0,2432.0,2894.0,2749,1550.0,714.0,976,11
Newcastle - Cooks Hill,111031229,119.3,11435.0,4621.0,6396.0,5975,3851.0,961.0,2599,4
Newman,510021268,8.0,4396.0,1344.0,2519.0,2302,398.0,195.0,1169,18
Newstead,602011042,404.0,5342.0,2012.0,2408.0,2158,969.0,619.0,662,3
Newstead - Bowen Hills,305031128,969.0,11355.0,3451.0,6531.0,6877,4368.0,868.0,3127,0
Newtown (Qld),317011453,507.0,9812.0,3936.0,4772.0,4148,980.0,1150.0,1742,22
Newtown (Vic.),203021046,507.0,10483.0,3779.0,4540.0,4909,2774.0,1162.0,1066,0
Newtown - Camperdown - Darlington,117031332,792.8,26354.0,8601.0,12125.0,14582,10757.0,2221.0,6298,6
Nhill Region,215011390,42.0,6960.0,2890.0,3678.0,2868,549.0,687.0,493,4
Nhulunbuy,702041064,30.0,3302.0,1167.0,1417.0,1562,425.0,19.0,855,11
Niagara Park - Lisarow,102011036,525.9,8201.0,2637.0,2900.0,3910,1123.0,1292.0,498,0
Noble Park - West,212041460,39.0,0,0,6786.0,7204,2328.0,0,2189,0
Noble Park North,212041316,39.0,7871.0,2594.0,2862.0,3063,980.0,854.0,696,0
Normanhurst - Thornleigh - Westleigh,121021406,15.0,19099.0,5922.0,6425.0,9022,5865.0,2563.0,981,0
North Adelaide,401011002,308.0,7267.0,2653.0,3527.0,3305,2526.0,487.0,1329,0
North Burnett,319021510,14.0,8.0,0.0,3.0,7,0.0,3.0,0,0
North Geelong - Bell Park,203021047,97.0,15040.0,5409.0,6537.0,6139,1673.0,1558.0,1644,0
North Ipswich - Tivoli,310031292,439.0,6573.0,2432.0,2888.0,2472,457.0,778.0,804,7
North Mackay,312021349,227.0,6125.0,2541.0,3127.0,2511,499.0,679.0,936,67
North Nowra - Bomaderry,114011277,188.4,16185.0,5795.0,6818.0,6446,1835.0,1923.0,1626,13
North Ryde - East Ryde,126021501,204.8,12758.0,3967.0,4525.0,5894,3571.0,1369.0,885,0
North Toowoomba - Harlaxton,317011454,507.0,5913.0,2296.0,2746.0,2500,705.0,719.0,993,11
North West,604031094,12.0,4128.0,1442.0,2071.0,1872,207.0,505.0,364,12
Northam,509021243,41.7,11238.0,3774.0,4998.0,4337,714.0,1412.0,1044,3
Northampton - Mullewa - Greenough,511041292,12.7,5974.0,2191.0,3902.0,2552,405.0,562.0,644,0
Northern Beaches,318021486,11.0,6453.0,2190.0,3255.0,2658,458.0,1009.0,402,20
Northern Highlands,315021407,32.0,3204.0,1275.0,1927.0,1715,215.0,261.0,427,17
Northern Midlands,602031061,2.0,3686.0,1426.0,1898.0,1464,245.0,381.0,409,3
Northern Peninsula,315011399,16.0,2945.0,564.0,987.0,804,120.0,0.0,663,1392
Northgate - Oakden - Gilles Plains,402031037,169.0,25130.0,7548.0,9933.0,10588,4629.0,2914.0,2723,5
Northmead,125041491,1351.4,21105.0,6448.0,8255.0,9854,7099.0,1927.0,3582,0
Norwood (Tas.),602011043,404.0,3966.0,1436.0,1669.0,1678,591.0,475.0,268,0
Nowra,114011278,188.4,20617.0,6342.0,8115.0,7161,1386.0,1983.0,2659,30
Numurkah,216021413,28.0,12422.0,4663.0,5550.0,5415,855.0,1665.0,986,3
Nunawading,211041271,116.0,12363.0,4052.0,4800.0,5602,3248.0,1433.0,1220,0
Nyngan - Warren,105011095,117.69999999999999,5096.0,1980.0,2446.0,2087,365.0,438.0,582,4
Oberon,103011061,447.79999999999995,4704.0,1681.0,2337.0,1930,326.0,506.0,421,3
Old Bar - Manning Point - Red Head,108051168,193.5,10661.0,3703.0,5124.0,3874,1275.0,1048.0,912,12
One Tree Hill,402021033,62.0,2537.0,800.0,910.0,1328,350.0,387.0,53,0
Ooralea - Bakers Creek,312021350,227.0,5146.0,1409.0,2112.0,2517,426.0,566.0,490,24
Orange,103041077,321.1,19390.0,7560.0,9058.0,7642,2431.0,2024.0,2753,32
Orange - North,103041078,321.1,20196.0,5768.0,7758.0,9304,2842.0,2272.0,2125,14
Orange Region,103041079,361.40000000000003,11762.0,3899.0,4712.0,5548,1502.0,1454.0,673,11
Orbost,205021085,15.0,6497.0,2790.0,4100.0,2304,616.0,686.0,557,0
Otway,217031476,4.0,3556.0,1247.0,3699.0,1603,563.0,347.0,354,0
Outback,406021141,232.0,2718.0,1027.0,2427.0,1361,199.0,94.0,457,0
Pagewood - Hillsdale - Daceyville,117011323,341.7,11857.0,3960.0,4563.0,5061,2169.0,982.0,1847,7
Palmwoods,316061444,150.0,10838.0,3514.0,4065.0,4835,1538.0,1500.0,626,9
Panorama,403031070,656.0,8324.0,3202.0,3574.0,3439,1803.0,887.0,798,0
Parkes (NSW),103021067,30.3,11251.0,4029.0,4929.0,4376,835.0,1281.0,1289,5
Parkes Region,103021068,45.3,3420.0,1266.0,1688.0,1351,246.0,305.0,274,0
Parkhurst - Kawana,308031215,12.0,7040.0,2181.0,2797.0,2991,600.0,742.0,918,41
Parklands - Camdale,604011078,145.0,6459.0,2383.0,2861.0,2428,646.0,673.0,848,23
Parkville,206041124,1543.8,7898.0,1553.0,2479.0,3503,2874.0,282.0,1297,3
Parrearra - Warana,316021423,567.0,9804.0,3532.0,4167.0,4185,1337.0,982.0,1187,4
Paynesville,205021086,101.0,6374.0,2266.0,3695.0,2086,719.0,534.0,524,0
Pearcedale - Tooradin,212031308,22.0,8035.0,2561.0,2884.0,3906,581.0,1382.0,305,0
Pemberton,501031020,33.1,5078.0,1940.0,3289.0,2193,521.0,497.0,447,7
Pendle Hill - Girraween,125041588,1351.4,0,0,4513.0,5367,3183.0,0,1524,0
Penola,407021156,6.0,3227.0,1225.0,1512.0,1491,261.0,408.0,319,0
Penrith,124031464,11.0,13784.0,4934.0,6325.0,5758,1646.0,1197.0,2914,10
Perth City,503021041,506.9,33811.0,11093.0,19353.0,17438,11753.0,2512.0,8371,11
Peterborough - Mount Remarkable,405031121,137.0,5506.0,2265.0,3244.0,2130,378.0,589.0,411,18
Pialba - Eli Waters,319041518,192.0,14183.0,4942.0,6626.0,3966,1232.0,1022.0,1711,16
Pitt Town - McGraths Hill,115041301,96.5,10822.0,2912.0,3616.0,5504,1023.0,1263.0,488,0
Pittsworth,307021182,507.0,5856.0,1842.0,2188.0,2560,396.0,593.0,492,6
Plantagenet,509011234,17.7,5103.0,1803.0,2462.0,2120,417.0,566.0,448,0
Point Clare - Koolewong,102011037,576.3,6389.0,2307.0,2672.0,2814,1067.0,860.0,525,0
Point Cook - North,213051465,286.0,0,0,7665.0,10943,5388.0,0,1886,0
Point Nepean,214021383,75.0,17999.0,6295.0,20156.0,6748,2355.0,1895.0,1466,9
Point Vernon,319041519,192.0,5785.0,2169.0,2575.0,1703,542.0,533.0,648,5
Port Augusta,406021142,61.0,14053.0,4908.0,6427.0,5182,862.0,1506.0,1918,32
Port Botany Industrial,117011324,341.7,7.0,0.0,5.0,4,0.0,0.0,0,0
Port Douglas,306041165,24.0,5475.0,1775.0,3192.0,2746,735.0,471.0,943,13
Port Hedland,510021269,64.0,4538.0,1135.0,2437.0,2444,606.0,141.0,1197,7
Port Kembla - Warrawong,107011546,57.3,0,0,4336.0,3066,675.0,0,1491,0
Port Kembla Industrial,107011133,490.5,11.0,0.0,4.0,0,0.0,0.0,0,0
Port Lincoln,406011133,67.0,16198.0,5860.0,7329.0,6873,1279.0,1900.0,1991,5
Port Macquarie - East,108041163,204.3,28724.0,10718.0,13285.0,11502,4153.0,2999.0,3364,13
Port Macquarie - West,108041164,204.3,17652.0,6344.0,8497.0,6123,1571.0,1398.0,2374,9
Port Macquarie Region,108041165,261.3,5375.0,1873.0,2295.0,2295,540.0,665.0,318,0
Port Pirie,405031122,69.0,14347.0,5733.0,6857.0,5115,768.0,1777.0,1923,5
Port Pirie Region,405031123,82.0,3365.0,1259.0,1555.0,1365,249.0,421.0,226,0
Port Sorell,604021089,95.0,5752.0,1960.0,2871.0,2353,580.0,630.0,497,8
Portland,217011422,53.0,10943.0,4223.0,5345.0,4446,847.0,1479.0,1243,15
Pottsville,112031253,61.3,13602.0,4471.0,5789.0,5483,1677.0,1476.0,1296,49
Prahran - Windsor,206061136,697.0,21275.0,8061.0,11394.0,12157,8100.0,1769.0,5270,0
Prestons - Edmondson Park,127031600,821.7,0,0,4924.0,7990,2626.0,0,793,0
Proserpine,312031361,33.0,8416.0,2928.0,3957.0,3726,474.0,1071.0,758,30
Prospect Reservoir,116031318,448.3,44.0,3.0,10.0,18,0.0,0.0,3,0
Prospect Vale - Blackstone,602011044,404.0,6539.0,2431.0,2855.0,2981,692.0,930.0,567,0
Putney,126021590,47.0,0,0,1444.0,2076,1137.0,0,196,0
Queanbeyan,101021009,45.7,11230.0,4359.0,5651.0,5612,1960.0,1387.0,2122,4
Queanbeyan - East,101021010,45.7,4970.0,1989.0,2459.0,2647,1018.0,643.0,936,3
Queanbeyan Region,101021011,315.5,17291.0,4496.0,6290.0,8814,3472.0,2321.0,615,11
Queanbeyan West - Jerrabomberra,101021012,45.7,13150.0,4119.0,4616.0,7125,2548.0,2065.0,1034,10
Quirindi,110041201,53.8,7846.0,2951.0,3718.0,3015,488.0,728.0,864,11
Quorn - Lake Gilles,406021140,185.0,0,0,1495.0,871,166.0,0,227,0
Raceview,310031293,439.0,15581.0,4895.0,5706.0,6620,1153.0,1671.0,2030,26
Randwick - North,118021569,669.5999999999999,0,0,7780.0,9611,6465.0,0,3346,0
Rangeville,317011455,507.0,8473.0,3139.0,3646.0,3751,1759.0,997.0,852,5
Ravenswood,602011045,404.0,3672.0,1534.0,1700.0,1074,97.0,408.0,708,23
Red Cliffs,215021399,137.0,5947.0,2002.0,2510.0,2453,370.0,764.0,495,6
Redcliffe,313051379,433.0,10567.0,4040.0,5307.0,3949,1060.0,948.0,2063,11
Redlynch,306011141,652.0,13171.0,3776.0,4861.0,6484,2026.0,1859.0,1105,79
Renmark,407031167,17.0,4820.0,1802.0,2294.0,1663,291.0,428.0,772,6
Renmark Region,407031168,70.0,4960.0,1783.0,2223.0,2401,305.0,733.0,334,3
Richmond - Clarendon,124041466,96.5,14204.0,4973.0,5665.0,6334,1498.0,1534.0,1764,0
Ringwood East,211031267,286.0,21031.0,7175.0,8211.0,9948,4704.0,2847.0,1819,0
Risdon Vale,601021010,20.0,3144.0,943.0,1124.0,901,81.0,388.0,290,12
Riverside,602011046,404.0,6555.0,2309.0,2790.0,2959,1109.0,811.0,601,0
Riverstone - Marsden Park,116021312,595.5,17811.0,3886.0,6318.0,8411,2894.0,1156.0,1454,16
Robertson - Fitzroy Falls,114021288,70.7,3606.0,1247.0,1744.0,1617,655.0,431.0,209,3
Robina,309081261,377.0,24085.0,7254.0,8971.0,11026,3924.0,2433.0,2783,10
Robinvale,215031403,14.0,3382.0,1125.0,1407.0,1227,174.0,258.0,388,11
Rochester,216011409,12.0,3895.0,1450.0,1785.0,1596,262.0,455.0,303,0
Rockhampton - West,308031216,315.0,6079.0,2302.0,2725.0,2625,664.0,743.0,702,55
Rockhampton City,308031217,315.0,3346.0,1348.0,1762.0,1200,233.0,338.0,557,21
Rockhampton Region - East,308031218,34.0,3476.0,1094.0,1497.0,1471,255.0,454.0,136,9
Rockhampton Region - North,308031219,34.0,4307.0,1327.0,1995.0,1905,370.0,462.0,221,4
Rockhampton Region - West,308031220,12.0,2947.0,898.0,1202.0,1457,197.0,413.0,131,10
Rockingham,507051188,195.5,15995.0,6223.0,8082.0,6162,1192.0,1552.0,2260,5
Rocklea - Acacia Ridge,303051076,221.0,9945.0,3114.0,3813.0,3784,1157.0,933.0,1501,39
Roebourne,510031273,36.0,5848.0,1105.0,2295.0,2659,434.0,160.0,1059,21
Roebuck,510011266,66.0,2439.0,510.0,1513.0,606,133.0,36.0,489,34
Roma,307011176,47.0,7025.0,2241.0,3375.0,3373,715.0,696.0,1094,4
Roma Region,307011177,70.0,5901.0,2205.0,3200.0,2982,395.0,588.0,519,12
Romaine - Havenview,604011080,145.0,3447.0,1355.0,1493.0,1494,226.0,505.0,320,3
Romsey,210021235,36.0,9663.0,2947.0,3725.0,4427,1092.0,1495.0,438,10
Rooty Hill - Minchinbury,116031319,109.5,21876.0,5596.0,6453.0,9851,3363.0,2683.0,1563,6
Rosebud - McCrae,214021384,75.0,21613.0,8287.0,13746.0,7507,1888.0,2122.0,2300,10
Rosedale,205051102,280.0,4791.0,1378.0,1658.0,1848,295.0,537.0,267,0
Rosemeadow - Glen Alpine,123021444,451.8,21362.0,6060.0,6974.0,9202,1968.0,2804.0,1967,4
Ross,702011051,319.0,2572.0,723.0,1432.0,1064,290.0,219.0,309,4
Roxburgh Park - Somerton,210051249,14.0,23960.0,5214.0,5971.0,7428,2345.0,3302.0,1123,0
Roxby Downs,406021143,10.0,4057.0,1321.0,1771.0,2206,394.0,339.0,854,4
Rushworth,216011410,20.0,4076.0,1632.0,2133.0,1613,264.0,524.0,265,0
Ryde,126021591,47.0,0,0,11132.0,13502,7885.0,0,4063,0
Sale,205051103,86.0,14891.0,5592.0,6933.0,6155,1742.0,1797.0,1905,5
Sandringham - Black Rock,208011173,109.0,17517.0,5658.0,7183.0,7916,5314.0,1801.0,1467,0
Sans Souci - Ramsgate,119041382,799.5,16778.0,6008.0,7227.0,7468,2825.0,1697.0,1827,9
Sarina,312021352,243.0,11766.0,3917.0,5231.0,4861,556.0,1475.0,1025,106
Sawtell - Boambee,104021089,313.40000000000003,19889.0,7224.0,8496.0,8004,2343.0,2234.0,2126,13
Scarborough - Newport - Moreton Island,313051542,433.0,0,0,5980.0,5409,1854.0,0,1421,9
Scone,106041128,36.5,5941.0,2240.0,2605.0,2641,573.0,746.0,697,3
Scone Region,106041129,427.5,8403.0,3003.0,3948.0,3656,588.0,875.0,822,11
Scottsdale - Bridport,602031100,18.0,7668.0,3047.0,3783.0,2568,397.0,872.0,643,9
Seaford (SA),403041087,106.0,22828.0,7145.0,9490.0,10104,2178.0,3120.0,2344,4
Seaforth - Calen,312021353,326.0,8237.0,2841.0,3961.0,3661,500.0,1060.0,480,19
Seaham - Woodville,106031123,176.5,5480.0,1605.0,1867.0,2769,673.0,850.0,156,3
Seddon - Kingsville,213031350,329.0,9711.0,3389.0,4209.0,5019,3123.0,1267.0,1459,0
Seven Hills - Toongabbie,116011308,448.3,24783.0,7498.0,8290.0,11013,4483.0,2910.0,2127,4
Seymour,204011059,42.0,6403.0,2537.0,3028.0,2459,396.0,703.0,811,5
Seymour Region,204011060,110.0,4489.0,1366.0,1815.0,2151,474.0,483.0,369,0
Shellharbour - Flinders,107031141,176.4,17384.0,4468.0,6138.0,8041,2088.0,1955.0,1252,4
Shepparton - North,216031416,233.0,19007.0,6371.0,7953.0,8068,2433.0,1989.0,2367,22
Shepparton Region - East,216031418,233.0,3897.0,1382.0,1575.0,1997,399.0,572.0,185,0
Shepparton Region - West,216031419,47.0,10279.0,3470.0,4235.0,4370,889.0,1264.0,758,4
Shoalwater Bay,308031221,34.0,16.0,6.0,34.0,3,0.0,0.0,0,0
Singleton,106011112,48.8,16517.0,5592.0,6554.0,7570,1314.0,2165.0,1869,8
Singleton Region,106011113,100.4,5030.0,1610.0,2057.0,2197,381.0,624.0,293,7
Skye - Sandhurst,214011376,22.0,13664.0,3463.0,4568.0,6882,1672.0,2280.0,733,0
Slade Point,312021355,227.0,3392.0,1290.0,1500.0,1467,247.0,472.0,412,92
Smithton,604031095,12.0,3974.0,1532.0,1765.0,1728,162.0,571.0,465,34
South Brisbane,305011110,836.0,7779.0,1999.0,3609.0,3796,2846.0,313.0,1888,8
South Bunbury - Bunbury,501021253,164.8,0,0,6270.0,5593,1976.0,0,1663,0
South Hedland,510021270,64.0,9873.0,2459.0,5015.0,4357,700.0,464.0,2283,115
South Mackay,312021356,227.0,6843.0,2820.0,3252.0,3059,529.0,871.0,1052,59
Southern Downs - East,307031185,69.0,4280.0,1501.0,1888.0,1887,367.0,469.0,278,5
Southern Downs - West,307031186,69.0,4683.0,1649.0,2195.0,1934,357.0,522.0,330,4
Southern Grampians,217011423,88.0,6143.0,2446.0,3105.0,2894,705.0,643.0,389,0
Southern Midlands,603011067,2.0,6098.0,2264.0,2713.0,2607,332.0,936.0,370,21
Southport - South,309091541,862.0,0,0,8095.0,7400,2968.0,0,3153,10
Springwood - Winmalee,124011454,30.6,22144.0,7725.0,8345.0,10554,4482.0,3444.0,1117,4
St Albans - North,213011334,583.0,21064.0,6428.0,7729.0,6961,2082.0,1600.0,2393,0
St Arnaud,215011391,27.0,3353.0,1463.0,1821.0,1453,255.0,403.0,266,4
St Helens - Scamander,602031064,17.0,6178.0,2580.0,4511.0,1928,531.0,620.0,596,11
St Johns Park - Wakeley,127021520,271.8,11175.0,3021.0,3227.0,4254,1166.0,1070.0,566,0
St Leonards - Naremburn,121011401,843.4,11128.0,4040.0,5257.0,6330,4862.0,1207.0,2268,0
Stanthorpe,307031187,45.0,5512.0,2165.0,2707.0,1948,487.0,518.0,742,0
Stanthorpe Region,307031188,90.0,5857.0,2007.0,2805.0,2325,551.0,647.0,470,7
Stawell,215011392,75.0,8225.0,3309.0,4295.0,3405,700.0,1017.0,834,5
Stirling - Osborne Park,505021093,164.8,14419.0,5100.0,6169.0,7072,3218.0,1796.0,1522,3
Strathalbyn,407011146,25.0,7291.0,2483.0,3074.0,2995,700.0,935.0,621,0
Strathalbyn Region,407011147,72.0,7546.0,2461.0,3456.0,3497,776.0,1140.0,375,0
Stratton - Jane Brook,504031067,307.0,7060.0,2229.0,2621.0,3390,539.0,1247.0,476,0
Subiaco - Shenton Park,503021042,245.8,17231.0,6436.0,8503.0,8178,6866.0,1500.0,2810,9
Summerhill - Prospect,602011048,404.0,5012.0,1820.0,2127.0,2183,409.0,663.0,566,13
Summerland Point - Gwandalan,102021052,324.5,5897.0,2050.0,2726.0,2346,366.0,748.0,432,9
Sunbury,210041240,27.0,13238.0,4061.0,4587.0,6294,1518.0,2136.0,582,0
Sunbury - South,210041241,27.0,27686.0,8654.0,10662.0,13240,3128.0,4216.0,2288,9
Surrey Hills (West) - Canterbury,207011155,20.0,17126.0,5479.0,6279.0,7747,6420.0,1770.0,1163,0
Surry Hills,117031336,427.1,17746.0,6954.0,9272.0,10182,7252.0,1632.0,4693,4
Svensson Heights - Norville,319011501,247.0,5701.0,2323.0,2687.0,2031,397.0,633.0,811,13
Swan Hill,215031404,66.0,11079.0,4061.0,4933.0,4666,946.0,1190.0,1371,10
Swan Hill Region,215031405,86.0,6442.0,2379.0,2861.0,2683,372.0,759.0,402,0
Swan View - Greenmount - Midvale,504021054,307.0,12400.0,4502.0,5285.0,5369,1157.0,1785.0,1009,3
Swanbourne - Mount Claremont,503011036,168.0,9107.0,2835.0,3533.0,3984,3169.0,855.0,574,6
Swansea - Caves Beach,111011212,324.5,11800.0,4140.0,5246.0,4619,1324.0,1139.0,1011,11
Sydney - Haymarket - The Rocks,117031337,58.8,29636.0,8299.0,13825.0,15124,10416.0,1436.0,6321,0
Sylvania - Taren Point,128011531,344.9,16756.0,5469.0,6211.0,7063,2779.0,1738.0,1000,0
Tablelands,315011400,99.0,6090.0,1791.0,2564.0,2114,326.0,479.0,433,113
Tamworth - East,110041202,298.6,20793.0,7552.0,8964.0,9109,1813.0,2437.0,2615,49
Tamworth - North,110041203,298.6,15442.0,5251.0,6847.0,6652,2195.0,1472.0,2100,21
Tamworth - West,110041204,298.6,5751.0,1792.0,2199.0,1940,225.0,573.0,835,22
Tamworth Region,110041205,389.50000000000006,18823.0,6469.0,8032.0,8215,1681.0,2279.0,1258,21
Tanunda,405011115,22.0,4704.0,1800.0,2120.0,2139,643.0,597.0,444,0
Tara,307011178,74.0,4272.0,1542.0,2189.0,1375,195.0,385.0,384,14
Taree,108051169,193.5,20894.0,7897.0,9206.0,6628,1346.0,2089.0,2755,34
Taree Region,108051170,304.5,12538.0,4480.0,6187.0,4294,1012.0,1225.0,848,12
Tatiara,407021157,111.0,6817.0,2470.0,3060.0,3426,446.0,816.0,601,0
Telina - Toolooa,308051538,79.0,6330.0,1681.0,2526.0,2800,541.0,836.0,780,46
Temora,113031266,25.7,6828.0,2522.0,3133.0,2715,523.0,650.0,606,0
Tennant Creek,702021056,43.0,3296.0,845.0,1453.0,1157,288.0,173.0,600,21
Tenterfield,110021194,102.0,6697.0,2686.0,3716.0,2361,524.0,690.0,648,15
The Coorong,407031169,23.0,5538.0,2125.0,3024.0,2292,281.0,604.0,553,3
The Entrance,102021053,22.0,15383.0,5935.0,9383.0,5827,1433.0,983.0,2879,6
The Oaks - Oakdale,123031448,56.0,9314.0,2638.0,2987.0,4579,915.0,1288.0,341,3
The Range - Allenstown,308031222,315.0,8358.0,2850.0,3684.0,3404,1336.0,784.0,1029,33
The Vines,504031068,307.0,10186.0,1815.0,3726.0,5078,1303.0,923.0,408,0
Thirroul - Austinmer - Coalcliff,107041148,38.0,11686.0,3746.0,4593.0,5504,3224.0,1418.0,753,7
Tinana,319051526,97.0,5505.0,1773.0,2327.0,2092,431.0,661.0,410,12
Tiwi,701021027,1243.0,2735.0,822.0,946.0,1166,604.0,283.0,305,22
Tocumwal - Finley - Jerilderie,109031185,155.2,9902.0,3711.0,4991.0,3827,711.0,1018.0,949,3
Toongabbie - Constitution Hill,125041493,1351.4,22570.0,7193.0,8093.0,10000,4859.0,2611.0,2035,3
Toorak Gardens,401031013,141.0,16229.0,6280.0,7452.0,6977,5712.0,1652.0,1752,0
Toowoomba - Central,317011456,507.0,13753.0,5471.0,6487.0,5885,2047.0,1556.0,2317,26
Toowoomba - East,317011457,507.0,10012.0,3786.0,4594.0,4712,2402.0,1169.0,1290,8
Toowoomba - West,317011458,507.0,13278.0,3712.0,4862.0,6532,1321.0,1645.0,1176,10
Torquay - Scarness - Kawungan,319041520,192.0,15269.0,5921.0,7938.0,4694,1240.0,1271.0,2376,34
Torres,315011401,82.0,3799.0,817.0,1187.0,1379,327.0,45.0,692,594
Torres Strait Islands,315011402,46.0,4775.0,942.0,1248.0,974,108.0,0.0,942,502
Townsville - South,318021489,11.0,4325.0,1414.0,2010.0,2077,485.0,630.0,181,7
Towong,204031072,16.0,6014.0,2314.0,3098.0,2649,559.0,686.0,455,4
Traralgon,205041097,280.0,27361.0,9739.0,12092.0,11911,2975.0,3817.0,2721,18
Trevallyn,602011049,404.0,4648.0,1820.0,2085.0,2221,1056.0,680.0,440,0
Triabunna - Bicheno,603031074,10.0,4425.0,1708.0,4033.0,1641,398.0,390.0,447,6
Tuggerah - Kangy Angy,102021055,324.5,5302.0,1680.0,1989.0,2409,614.0,682.0,522,3
Tully,306031161,31.0,10872.0,3747.0,5995.0,4589,782.0,1004.0,1394,97
Tumbarumba,113021260,368.29999999999995,3491.0,1307.0,1701.0,1459,258.0,332.0,318,4
Tumut,113021261,26.3,6399.0,2392.0,2892.0,2482,477.0,710.0,733,4
Tumut Region,113021262,80.3,4763.0,1805.0,2395.0,2073,408.0,514.0,331,0
Tweed Heads,112031254,318.1,19932.0,7735.0,10128.0,7267,1956.0,1938.0,2576,78
Ulladulla,114011282,27.9,15618.0,5759.0,8831.0,5336,1545.0,1360.0,1492,6
Ulladulla Region,114011283,27.9,5128.0,1861.0,4059.0,1882,594.0,527.0,317,3
Umina - Booker Bay - Patonga,102011040,50.4,24235.0,9205.0,12039.0,9178,2456.0,2369.0,3077,7
Upper Caboolture,313041376,265.0,3355.0,888.0,1007.0,1514,262.0,461.0,94,0
Urangan - Wondunna,319041521,192.0,12842.0,4443.0,6099.0,4397,1115.0,1093.0,1610,32
Urunga,104021090,41.8,4739.0,1906.0,2365.0,1780,580.0,447.0,513,0
Valentine - Eleebana,111011213,118.9,12340.0,4219.0,4663.0,5628,2426.0,1686.0,434,3
Victor Harbor,407011148,47.0,14719.0,5573.0,9178.0,4480,1493.0,1353.0,1505,4
Viewbank - Yallambie,209011203,807.0,19018.0,6505.0,7250.0,8747,4647.0,2316.0,1354,0
Wacol,310011276,124.0,6055.0,793.0,1007.0,836,182.0,142.0,520,35
Wagaman,701021028,1243.0,2345.0,603.0,726.0,1038,348.0,242.0,239,21
Wagga Wagga - East,113031267,299.5,17004.0,5797.0,6879.0,7910,2368.0,2095.0,1644,7
Wagga Wagga - North,113031268,299.5,4542.0,1002.0,1530.0,2204,730.0,404.0,351,6
Wagga Wagga - South,113031269,299.5,21709.0,7598.0,8831.0,9964,2527.0,2852.0,2673,25
Wagga Wagga - West,113031270,299.5,12545.0,4861.0,5849.0,5613,1811.0,1156.0,2361,10
Wagga Wagga Region,113031271,355.5,15069.0,4852.0,6040.0,6972,1434.0,1728.0,1033,11
Wagin,509031250,89.5,5029.0,1917.0,2486.0,2243,368.0,562.0,447,0
Wahroonga (East) - Warrawee,121031412,15.0,0,0,6204.0,8364,6536.0,0,829,3
Waikerie,407031170,37.0,6744.0,2519.0,4188.0,2677,362.0,727.0,640,0
Waitara - Wahroonga (West),121021579,261.3,0,0,3914.0,4506,3639.0,0,1411,0
Wakefield - Barunga West,405021119,93.0,9651.0,3628.0,5128.0,3762,592.0,1080.0,831,3
Walcha,110011189,24.0,3268.0,1281.0,1668.0,1467,300.0,292.0,315,4
Walgett - Lightning Ridge,105011096,56.7,6629.0,2616.0,3864.0,2163,445.0,359.0,1028,22
Walkerston - Eton,312021357,243.0,8497.0,2821.0,3263.0,4127,483.0,1191.0,564,18
Walkervale - Avenell Heights,319011502,247.0,10866.0,4191.0,4854.0,3822,671.0,1180.0,1457,31
Wallaroo,405041126,21.0,4123.0,1582.0,2834.0,1306,224.0,342.0,604,0
Wambo,307021183,104.0,17354.0,5580.0,7328.0,7608,1299.0,1823.0,2119,34
Wangaratta,204021066,142.0,18940.0,7174.0,8806.0,7862,2043.0,2298.0,2145,5
Wangaratta Region,204021067,13.0,9652.0,3461.0,4263.0,4756,1235.0,1309.0,434,0
Wanguri,701021029,1243.0,2002.0,560.0,649.0,916,368.0,230.0,156,7
Wantirna,211011259,63.0,14425.0,4801.0,5292.0,6705,3006.0,1841.0,940,3
Wantirna South,211011260,63.0,18580.0,5853.0,6610.0,8617,4300.0,2184.0,1094,0
Waratah - North Lambton,111031234,181.4,12477.0,4668.0,5311.0,5473,2034.0,1439.0,1859,5
Warilla,107031143,176.4,21039.0,7670.0,8696.0,7347,1195.0,1965.0,2786,9
Warnervale - Wadalba,102021056,324.5,15637.0,3824.0,5099.0,6700,1272.0,1800.0,1333,9
Warragul,205011079,90.0,19088.0,6340.0,8044.0,8357,2485.0,2212.0,1520,3
Warriewood - Mona Vale,122021423,88.8,25377.0,7427.0,9263.0,12146,4880.0,2964.0,1602,3
Warrnambool - North,217041479,171.0,21442.0,7233.0,9069.0,9849,2448.0,2364.0,2295,0
Warwick,307031189,69.0,15395.0,5580.0,6878.0,6031,1150.0,1591.0,2032,19
Warwick Farm,127031601,821.7,0,0,2618.0,1938,778.0,0,1421,0
Wattle Range,407021158,30.0,3361.0,1238.0,1784.0,1494,222.0,477.0,184,0
Wauchope,108041166,25.0,11345.0,3735.0,4409.0,4242,912.0,1213.0,963,3
Waverley - St Leonards,602011050,404.0,3564.0,1320.0,1475.0,1450,247.0,486.0,376,3
Weipa,315011403,20.0,4039.0,1002.0,1649.0,2152,399.0,310.0,726,289
Wellington,105031106,22.9,9060.0,3103.0,3792.0,2879,521.0,809.0,809,23
Wentworth - Buronga,109021178,26.0,6087.0,2174.0,2861.0,2377,450.0,730.0,557,15
Wentworth-Balranald Region,109021179,65.0,3684.0,1319.0,1921.0,1610,218.0,326.0,375,7
Wentworthville - Westmead,125041589,1351.4,0,0,5629.0,6882,4951.0,0,2676,3
Werribee - East,213051467,286.0,0,0,7559.0,7956,2092.0,0,2314,3
Werribee - South,213051368,286.0,11776.0,3919.0,4966.0,5172,1526.0,1159.0,1316,3
West Coast (SA),406011134,34.0,3681.0,1202.0,2572.0,1562,208.0,271.0,469,4
West Coast (Tas.),604031097,10.0,4210.0,1929.0,2948.0,1515,237.0,472.0,591,20
West End,305011112,836.0,10337.0,3299.0,4827.0,5256,3809.0,623.0,2249,8
West Gladstone,308051539,79.0,4800.0,1881.0,2565.0,1979,535.0,581.0,795,24
West Hobart,601051033,505.0,6055.0,2414.0,2868.0,3101,2151.0,741.0,880,0
West Lakes,404011096,36.0,14841.0,5944.0,6956.0,6390,2253.0,1520.0,1511,0
West Launceston,602011051,404.0,4198.0,1639.0,1937.0,2082,911.0,628.0,476,4
West Mackay,312021358,227.0,6252.0,2429.0,2867.0,2694,722.0,692.0,828,26
West Wimmera,215011393,16.0,2782.0,1212.0,1617.0,1296,221.0,278.0,226,0
West Wyalong,103021069,22.0,5997.0,2258.0,2930.0,2525,391.0,605.0,512,3
Westbury,602021057,22.0,4047.0,1554.0,1804.0,1669,417.0,546.0,316,13
Westcourt - Bungalow,306021154,652.0,6547.0,2548.0,3259.0,2521,724.0,399.0,1541,174
Western,406011135,15.0,80.0,26.0,23.0,24,4.0,0.0,15,0
White Hills - Ascot,202011025,414.0,11914.0,3129.0,4649.0,5639,1319.0,1430.0,1029,0
Whitfield - Edge Hill,306021156,652.0,8462.0,3191.0,3732.0,4055,1634.0,1037.0,1119,103
Whittlesea,209041225,14.0,8436.0,2470.0,3122.0,3703,791.0,1116.0,429,0
Whyalla,406011136,101.0,22432.0,8902.0,11152.0,8282,1518.0,3029.0,3465,25
Wilderness - East,603011068,14.0,17.0,3.0,22.0,12,3.0,0.0,8,0
Williamstown,213021346,99.0,16389.0,5559.0,6619.0,7559,4636.0,1839.0,1562,0
Wilsons Promontory,205031092,16.0,13.0,6.0,19.0,12,0.0,0.0,9,0
Wilsonton,317011459,507.0,13515.0,4980.0,6083.0,5184,899.0,1394.0,2039,25
Winchelsea,203011036,5.0,5824.0,1972.0,2463.0,2812,824.0,823.0,305,0
Windang - Primbee,107011547,233.7,0,0,2083.0,1587,331.0,0,449,0
Windsor - Bligh Park,124041467,96.5,15743.0,5344.0,5936.0,7632,1269.0,2138.0,2039,7
Windsor Gardens,402031038,50.0,20696.0,7793.0,9143.0,9410,4789.0,2399.0,2952,3
Wingham,108051171,32.0,5491.0,2066.0,2325.0,1868,354.0,636.0,475,4
Winthrop,507041184,928.6,6162.0,1929.0,2112.0,2936,1877.0,618.0,193,0
Withers - Usher,501021254,164.8,0,0,2513.0,1943,336.0,0,858,14
Wollangambe - Wollemi,103031075,153.9,0.0,0.0,0,0,0.0,0.0,0,0
Wollongong - East,107041548,490.5,0,0,7731.0,6314,3790.0,0,3357,9
Wollongong - West,107041549,490.5,0,0,7231.0,7234,3787.0,0,2912,0
Wonthaggi - Inverloch,205031093,58.0,22577.0,8109.0,14471.0,8395,2325.0,2173.0,2340,3
Woodford - D'Aguilar,313031371,25.0,8086.0,2069.0,2779.0,2935,478.0,861.0,446,22
Woodville - Cheltenham,404011097,300.0,17929.0,5757.0,7532.0,7790,2660.0,1866.0,2340,4
Woolgoolga - Arrawarra,104021091,93.8,12830.0,4330.0,5861.0,4863,1438.0,1206.0,1240,18
Woolloongabba,303021058,1044.0,5843.0,1815.0,2735.0,2939,1858.0,398.0,1327,8
Woonona - Bulli - Russell Vale,107041150,53.2,20346.0,6864.0,7886.0,9070,3486.0,2529.0,1684,0
Wooroonooran,306031162,63.0,3.0,0.0,0,0,0.0,0.0,0,0
Woy Woy - Blackwall,102011042,50.4,14216.0,5531.0,6661.0,5289,1570.0,1512.0,1890,10
Wurtulla - Birtinya,316021424,567.0,8031.0,2197.0,3266.0,3677,1043.0,705.0,1164,8
Wyndham Vale,213051369,286.0,24270.0,5714.0,8044.0,10398,3124.0,3303.0,1996,3
Wyoming,102011043,525.9,11773.0,4153.0,4668.0,4692,1270.0,1565.0,991,14
Wyong,102021057,324.5,9015.0,3108.0,3681.0,3327,627.0,951.0,1266,10
Yallourn North - Glengarry,205041098,280.0,4643.0,1615.0,1886.0,2088,366.0,744.0,187,0
Yankalilla,407011149,47.0,5858.0,2097.0,4167.0,2254,615.0,689.0,483,0
Yarrabah,306031163,10.0,2702.0,423.0,506.0,343,54.0,0.0,400,140
Yarram,205051104,302.0,5371.0,2146.0,3086.0,2144,421.0,609.0,464,7
Yarrawonga,216021414,29.0,8021.0,2697.0,3881.0,2839,612.0,766.0,781,0
Yarriambiack,215011394,38.0,6693.0,2836.0,3547.0,2599,462.0,658.0,459,5
Yass,101061541,10.0,6664.0,2289.0,2767.0,2961,854.0,871.0,571,3
Yass Region,101061542,73.7,11831.0,3565.0,4716.0,6019,2401.0,1606.0,578,4
Yea,204011062,52.0,3604.0,1368.0,2015.0,1465,410.0,423.0,245,0
Yeppoon,308031223,22.0,18539.0,6008.0,8583.0,7818,2044.0,1870.0,2175,61
York - Beverley,509021245,8.0,5353.0,1986.0,2852.0,2067,473.0,616.0,400,3
Yorke Peninsula - North,405041127,31.0,7261.0,2889.0,5652.0,2649,465.0,599.0,633,3
Yorke Peninsula - South,405041128,26.0,4030.0,1730.0,4096.0,1416,226.0,375.0,311,0
Young,101061543,53.4,10775.0,3827.0,4704.0,4189,799.0,1112.0,1206,0
Young Region,101061544,187.2,7396.0,2927.0,3940.0,3109,617.0,776.0,626,8
